pid,vid,sid,mode,compile,dev_test,reg_test
Chart,10,1,normal,1,1,1
Chart,10,2,normal,1,1,1
Chart,10,3,normal,1,1,1
Chart,10,4,normal,1,1,1
Chart,10,5,normal,1,1,1
Chart,10,1,time,1,1,1
Chart,10,2,time,1,1,1
Chart,10,3,time,1,1,1
Chart,10,4,time,1,1,1
Chart,10,5,time,1,1,1
Chart,10,1,mem,1,1,1
Chart,10,2,mem,1,1,1
Chart,10,3,mem,1,1,1
Chart,10,4,mem,1,1,1
Chart,10,5,mem,1,1,1
Chart,11,1,normal,1,1,1
Chart,11,2,normal,1,1,1
Chart,11,3,normal,1,1,1
Chart,11,4,normal,1,1,0
Chart,11,5,normal,1,1,1
Chart,11,1,time,1,1,1
Chart,11,2,time,1,0,0
Chart,11,3,time,1,1,0
Chart,11,4,time,0,0,0
Chart,11,5,time,1,1,1
Chart,11,1,mem,1,1,0
Chart,11,2,mem,1,1,0
Chart,11,3,mem,1,1,1
Chart,11,4,mem,1,0,0
Chart,11,5,mem,1,1,0
Chart,12,1,normal,0,0,0
Chart,12,2,normal,1,1,1
Chart,12,3,normal,0,0,0
Chart,12,4,normal,1,1,1
Chart,12,5,normal,0,0,0
Chart,12,1,time,1,0,1
Chart,12,2,time,0,0,0
Chart,12,3,time,1,1,1
Chart,12,4,time,0,0,0
Chart,12,5,time,1,1,1
Chart,12,1,mem,1,1,1
Chart,12,2,mem,0,0,0
Chart,12,3,mem,0,0,0
Chart,12,4,mem,1,1,1
Chart,12,5,mem,1,0,1
Chart,1,1,normal,1,1,0
Chart,1,2,normal,1,1,0
Chart,1,3,normal,0,0,0
Chart,1,4,normal,0,0,0
Chart,1,5,normal,1,1,0
Chart,1,1,time,1,1,0
Chart,1,2,time,1,1,0
Chart,1,3,time,1,1,0
Chart,1,4,time,1,1,0
Chart,1,5,time,1,1,0
Chart,1,1,mem,0,0,0
Chart,1,2,mem,1,1,0
Chart,1,3,mem,1,1,0
Chart,1,4,mem,1,1,0
Chart,1,5,mem,1,1,0
Chart,20,1,normal,1,1,1
Chart,20,2,normal,1,1,1
Chart,20,3,normal,1,1,1
Chart,20,4,normal,1,1,1
Chart,20,5,normal,1,1,1
Chart,20,1,time,1,1,1
Chart,20,2,time,1,1,1
Chart,20,3,time,1,1,1
Chart,20,4,time,1,1,1
Chart,20,5,time,1,1,1
Chart,20,1,mem,0,0,0
Chart,20,2,mem,1,1,1
Chart,20,3,mem,1,1,1
Chart,20,4,mem,1,1,1
Chart,20,5,mem,1,1,1
Chart,23,1,normal,1,1,0
Chart,23,2,normal,1,0,1
Chart,23,3,normal,1,1,0
Chart,23,4,normal,1,0,1
Chart,23,5,normal,1,1,0
Chart,23,1,time,0,0,0
Chart,23,2,time,1,0,1
Chart,23,3,time,1,0,1
Chart,23,4,time,1,0,1
Chart,23,5,time,1,0,1
Chart,23,1,mem,1,0,1
Chart,23,2,mem,0,0,0
Chart,23,3,mem,1,1,0
Chart,23,4,mem,1,0,1
Chart,23,5,mem,1,0,1
Chart,24,1,normal,1,1,1
Chart,24,2,normal,1,1,1
Chart,24,3,normal,1,1,1
Chart,24,4,normal,1,1,1
Chart,24,5,normal,1,1,1
Chart,24,1,time,1,1,1
Chart,24,2,time,1,1,1
Chart,24,3,time,1,1,1
Chart,24,4,time,1,1,1
Chart,24,5,time,1,1,1
Chart,24,1,mem,1,1,1
Chart,24,2,mem,1,1,1
Chart,24,3,mem,1,1,1
Chart,24,4,mem,0,0,0
Chart,24,5,mem,1,1,1
Chart,3,1,normal,0,0,0
Chart,3,2,normal,1,0,0
Chart,3,3,normal,0,0,0
Chart,3,4,normal,0,0,0
Chart,3,5,normal,0,0,0
Chart,3,1,time,0,0,0
Chart,3,2,time,0,0,0
Chart,3,3,time,0,0,0
Chart,3,4,time,0,0,0
Chart,3,5,time,0,0,0
Chart,3,1,mem,1,0,0
Chart,3,2,mem,0,0,0
Chart,3,3,mem,0,0,0
Chart,3,4,mem,0,0,0
Chart,3,5,mem,0,0,0
Chart,6,1,normal,1,1,1
Chart,6,2,normal,0,0,0
Chart,6,3,normal,1,1,1
Chart,6,4,normal,1,1,1
Chart,6,5,normal,1,1,1
Chart,6,1,time,1,0,1
Chart,6,2,time,1,1,1
Chart,6,3,time,1,1,1
Chart,6,4,time,1,1,1
Chart,6,5,time,1,1,1
Chart,6,1,mem,1,1,1
Chart,6,2,mem,1,0,0
Chart,6,3,mem,1,1,1
Chart,6,4,mem,1,1,1
Chart,6,5,mem,1,1,1
Chart,7,1,normal,1,1,1
Chart,7,2,normal,0,0,0
Chart,7,3,normal,1,0,0
Chart,7,4,normal,1,0,0
Chart,7,5,normal,1,1,1
Chart,7,1,time,0,0,0
Chart,7,2,time,1,1,1
Chart,7,3,time,1,1,1
Chart,7,4,time,1,1,1
Chart,7,5,time,0,0,0
Chart,7,1,mem,0,0,0
Chart,7,2,mem,1,1,1
Chart,7,3,mem,1,1,1
Chart,7,4,mem,1,1,1
Chart,7,5,mem,1,1,1
Chart,8,1,normal,0,0,0
Chart,8,2,normal,0,0,0
Chart,8,3,normal,1,1,1
Chart,8,4,normal,1,1,1
Chart,8,5,normal,0,0,0
Chart,8,1,time,1,1,1
Chart,8,2,time,0,0,0
Chart,8,3,time,1,1,1
Chart,8,4,time,1,1,1
Chart,8,5,time,1,1,1
Chart,8,1,mem,0,0,0
Chart,8,2,mem,0,0,0
Chart,8,3,mem,1,1,1
Chart,8,4,mem,0,0,0
Chart,8,5,mem,0,0,0
Compress,12,1,normal,0,0,0
Compress,12,2,normal,0,0,0
Compress,12,3,normal,1,1,1
Compress,12,4,normal,1,1,1
Compress,12,5,normal,1,1,1
Compress,12,1,time,1,1,1
Compress,12,2,time,1,1,1
Compress,12,3,time,0,0,0
Compress,12,4,time,1,1,1
Compress,12,5,time,1,1,1
Compress,12,1,mem,0,0,0
Compress,12,2,mem,0,0,0
Compress,12,3,mem,1,1,1
Compress,12,4,mem,1,1,1
Compress,12,5,mem,0,0,0
Compress,13,1,normal,1,1,1
Compress,13,2,normal,1,1,1
Compress,13,3,normal,1,1,1
Compress,13,4,normal,1,1,1
Compress,13,5,normal,1,0,1
Compress,13,1,time,1,1,1
Compress,13,2,time,1,1,1
Compress,13,3,time,1,1,1
Compress,13,4,time,1,1,1
Compress,13,5,time,1,1,1
Compress,13,1,mem,1,1,1
Compress,13,2,mem,1,1,1
Compress,13,3,mem,1,1,1
Compress,13,4,mem,1,1,1
Compress,13,5,mem,1,1,1
Compress,14,1,normal,1,1,1
Compress,14,2,normal,1,1,1
Compress,14,3,normal,1,1,1
Compress,14,4,normal,1,1,1
Compress,14,5,normal,1,0,0
Compress,14,1,time,1,1,1
Compress,14,2,time,1,1,1
Compress,14,3,time,1,1,1
Compress,14,4,time,1,1,1
Compress,14,5,time,1,1,1
Compress,14,1,mem,1,1,1
Compress,14,2,mem,1,1,1
Compress,14,3,mem,1,1,1
Compress,14,4,mem,1,0,0
Compress,14,5,mem,1,0,0
Compress,15,1,normal,1,0,0
Compress,15,2,normal,1,1,1
Compress,15,3,normal,1,1,1
Compress,15,4,normal,1,1,0
Compress,15,5,normal,1,1,1
Compress,15,1,time,1,0,0
Compress,15,2,time,1,1,1
Compress,15,3,time,1,0,0
Compress,15,4,time,1,1,1
Compress,15,5,time,1,0,0
Compress,15,1,mem,1,1,1
Compress,15,2,mem,1,0,0
Compress,15,3,mem,1,0,0
Compress,15,4,mem,0,0,0
Compress,15,5,mem,0,0,0
Compress,16,1,normal,0,0,0
Compress,16,2,normal,1,0,1
Compress,16,3,normal,0,0,0
Compress,16,4,normal,1,1,1
Compress,16,5,normal,1,0,1
Compress,16,1,time,0,0,0
Compress,16,2,time,0,0,0
Compress,16,3,time,0,0,0
Compress,16,4,time,0,0,0
Compress,16,5,time,0,0,0
Compress,16,1,mem,0,0,0
Compress,16,2,mem,0,0,0
Compress,16,3,mem,0,0,0
Compress,16,4,mem,0,0,0
Compress,16,5,mem,0,0,0
Compress,17,1,normal,1,1,1
Compress,17,2,normal,1,1,1
Compress,17,3,normal,1,1,1
Compress,17,4,normal,1,0,0
Compress,17,5,normal,1,1,1
Compress,17,1,time,1,0,1
Compress,17,2,time,1,1,1
Compress,17,3,time,1,1,1
Compress,17,4,time,1,1,1
Compress,17,5,time,1,1,1
Compress,17,1,mem,1,0,0
Compress,17,2,mem,1,1,1
Compress,17,3,mem,1,1,1
Compress,17,4,mem,1,1,1
Compress,17,5,mem,1,0,0
Compress,18,1,normal,1,1,1
Compress,18,2,normal,1,1,1
Compress,18,3,normal,1,1,1
Compress,18,4,normal,1,1,1
Compress,18,5,normal,1,1,1
Compress,18,1,time,1,1,1
Compress,18,2,time,1,1,1
Compress,18,3,time,1,1,1
Compress,18,4,time,0,0,0
Compress,18,5,time,1,1,1
Compress,18,1,mem,0,0,0
Compress,18,2,mem,0,0,0
Compress,18,3,mem,1,1,1
Compress,18,4,mem,0,0,0
Compress,18,5,mem,0,0,0
Compress,19,1,normal,1,1,1
Compress,19,2,normal,1,1,1
Compress,19,3,normal,1,1,1
Compress,19,4,normal,1,1,1
Compress,19,5,normal,1,1,1
Compress,19,1,time,1,0,0
Compress,19,2,time,1,0,0
Compress,19,3,time,1,1,1
Compress,19,4,time,0,0,0
Compress,19,5,time,1,1,1
Compress,19,1,mem,1,1,1
Compress,19,2,mem,1,1,1
Compress,19,3,mem,1,1,1
Compress,19,4,mem,1,1,1
Compress,19,5,mem,1,1,1
Compress,1,1,normal,1,1,1
Compress,1,2,normal,0,0,0
Compress,1,3,normal,0,0,0
Compress,1,4,normal,1,1,1
Compress,1,5,normal,1,1,1
Compress,1,1,time,1,1,1
Compress,1,2,time,1,1,0
Compress,1,3,time,1,1,1
Compress,1,4,time,1,1,0
Compress,1,5,time,1,0,0
Compress,1,1,mem,1,1,1
Compress,1,2,mem,1,1,1
Compress,1,3,mem,1,0,0
Compress,1,4,mem,1,1,1
Compress,1,5,mem,0,0,0
Compress,21,1,normal,1,1,1
Compress,21,2,normal,1,1,1
Compress,21,3,normal,1,1,1
Compress,21,4,normal,1,0,0
Compress,21,5,normal,1,1,1
Compress,21,1,time,1,1,1
Compress,21,2,time,1,1,1
Compress,21,3,time,1,1,1
Compress,21,4,time,1,0,0
Compress,21,5,time,1,1,1
Compress,21,1,mem,1,1,1
Compress,21,2,mem,1,1,1
Compress,21,3,mem,1,0,0
Compress,21,4,mem,1,1,1
Compress,21,5,mem,1,0,0
Compress,23,1,normal,1,1,1
Compress,23,2,normal,1,1,1
Compress,23,3,normal,1,1,1
Compress,23,4,normal,1,1,1
Compress,23,5,normal,1,1,1
Compress,23,1,time,1,1,1
Compress,23,2,time,1,1,1
Compress,23,3,time,1,1,1
Compress,23,4,time,1,1,1
Compress,23,5,time,1,1,1
Compress,23,1,mem,1,1,1
Compress,23,2,mem,1,1,1
Compress,23,3,mem,1,1,1
Compress,23,4,mem,1,1,1
Compress,23,5,mem,1,1,1
Compress,24,1,normal,1,1,1
Compress,24,2,normal,1,1,1
Compress,24,3,normal,1,1,1
Compress,24,4,normal,1,1,1
Compress,24,5,normal,1,1,1
Compress,24,1,time,1,1,1
Compress,24,2,time,1,1,1
Compress,24,3,time,1,1,1
Compress,24,4,time,1,1,1
Compress,24,5,time,0,0,0
Compress,24,1,mem,1,1,1
Compress,24,2,mem,1,1,1
Compress,24,3,mem,1,1,1
Compress,24,4,mem,1,1,1
Compress,24,5,mem,1,1,1
Compress,25,1,normal,1,1,1
Compress,25,2,normal,1,1,1
Compress,25,3,normal,1,1,1
Compress,25,4,normal,1,1,1
Compress,25,5,normal,1,1,1
Compress,25,1,time,1,1,1
Compress,25,2,time,1,1,1
Compress,25,3,time,1,1,1
Compress,25,4,time,1,1,1
Compress,25,5,time,1,1,1
Compress,25,1,mem,1,1,1
Compress,25,2,mem,1,1,1
Compress,25,3,mem,1,1,1
Compress,25,4,mem,0,0,0
Compress,25,5,mem,1,1,1
Compress,26,1,normal,1,1,1
Compress,26,2,normal,1,1,1
Compress,26,3,normal,1,1,1
Compress,26,4,normal,0,0,0
Compress,26,5,normal,1,1,1
Compress,26,1,time,0,0,0
Compress,26,2,time,1,1,1
Compress,26,3,time,1,1,1
Compress,26,4,time,1,1,1
Compress,26,5,time,1,1,1
Compress,26,1,mem,1,1,1
Compress,26,2,mem,1,0,1
Compress,26,3,mem,1,1,1
Compress,26,4,mem,1,1,1
Compress,26,5,mem,1,1,1
Compress,27,1,normal,1,0,1
Compress,27,2,normal,1,0,0
Compress,27,3,normal,1,1,1
Compress,27,4,normal,1,1,1
Compress,27,5,normal,1,0,0
Compress,27,1,time,1,0,0
Compress,27,2,time,1,1,0
Compress,27,3,time,1,1,1
Compress,27,4,time,1,1,1
Compress,27,5,time,1,1,1
Compress,27,1,mem,1,1,1
Compress,27,2,mem,1,0,0
Compress,27,3,mem,1,0,1
Compress,27,4,mem,1,1,1
Compress,27,5,mem,1,1,1
Compress,28,1,normal,1,1,1
Compress,28,2,normal,1,1,1
Compress,28,3,normal,1,1,1
Compress,28,4,normal,1,1,1
Compress,28,5,normal,1,1,1
Compress,28,1,time,1,0,1
Compress,28,2,time,1,1,1
Compress,28,3,time,1,1,1
Compress,28,4,time,1,1,1
Compress,28,5,time,1,1,1
Compress,28,1,mem,1,1,1
Compress,28,2,mem,1,1,1
Compress,28,3,mem,1,1,1
Compress,28,4,mem,1,1,1
Compress,28,5,mem,1,1,1
Compress,30,1,normal,1,1,1
Compress,30,2,normal,1,1,1
Compress,30,3,normal,1,1,1
Compress,30,4,normal,1,1,1
Compress,30,5,normal,1,1,1
Compress,30,1,time,1,1,1
Compress,30,2,time,1,1,1
Compress,30,3,time,1,1,1
Compress,30,4,time,1,1,1
Compress,30,5,time,1,1,1
Compress,30,1,mem,1,1,1
Compress,30,2,mem,1,1,1
Compress,30,3,mem,1,1,1
Compress,30,4,mem,1,1,1
Compress,30,5,mem,1,1,1
Compress,31,1,normal,1,1,1
Compress,31,2,normal,1,1,1
Compress,31,3,normal,1,0,1
Compress,31,4,normal,1,1,1
Compress,31,5,normal,1,0,1
Compress,31,1,time,1,0,1
Compress,31,2,time,1,0,0
Compress,31,3,time,1,0,1
Compress,31,4,time,1,0,1
Compress,31,5,time,1,0,1
Compress,31,1,mem,1,1,1
Compress,31,2,mem,1,0,1
Compress,31,3,mem,1,0,0
Compress,31,4,mem,1,0,0
Compress,31,5,mem,1,1,1
Compress,32,1,normal,1,1,1
Compress,32,2,normal,1,1,1
Compress,32,3,normal,1,1,1
Compress,32,4,normal,1,1,1
Compress,32,5,normal,0,0,0
Compress,32,1,time,0,0,0
Compress,32,2,time,1,0,1
Compress,32,3,time,0,0,0
Compress,32,4,time,0,0,0
Compress,32,5,time,0,0,0
Compress,32,1,mem,1,0,1
Compress,32,2,mem,1,1,1
Compress,32,3,mem,0,0,0
Compress,32,4,mem,0,0,0
Compress,32,5,mem,0,0,0
Compress,36,1,normal,1,0,1
Compress,36,2,normal,1,0,1
Compress,36,3,normal,1,1,1
Compress,36,4,normal,1,1,1
Compress,36,5,normal,1,1,1
Compress,36,1,time,1,1,1
Compress,36,2,time,1,0,1
Compress,36,3,time,1,0,1
Compress,36,4,time,1,0,1
Compress,36,5,time,1,1,1
Compress,36,1,mem,1,0,1
Compress,36,2,mem,1,0,1
Compress,36,3,mem,0,0,0
Compress,36,4,mem,1,1,1
Compress,36,5,mem,1,0,1
Compress,37,1,normal,0,0,0
Compress,37,2,normal,0,0,0
Compress,37,3,normal,0,0,0
Compress,37,4,normal,1,1,1
Compress,37,5,normal,0,0,0
Compress,37,1,time,0,0,0
Compress,37,2,time,0,0,0
Compress,37,3,time,0,0,0
Compress,37,4,time,0,0,0
Compress,37,5,time,0,0,0
Compress,37,1,mem,0,0,0
Compress,37,2,mem,0,0,0
Compress,37,3,mem,0,0,0
Compress,37,4,mem,0,0,0
Compress,37,5,mem,1,0,1
Compress,38,1,normal,1,1,1
Compress,38,2,normal,1,1,1
Compress,38,3,normal,1,1,1
Compress,38,4,normal,1,1,1
Compress,38,5,normal,1,1,1
Compress,38,1,time,1,1,0
Compress,38,2,time,1,1,1
Compress,38,3,time,1,1,1
Compress,38,4,time,1,0,0
Compress,38,5,time,1,1,1
Compress,38,1,mem,1,0,0
Compress,38,2,mem,1,0,0
Compress,38,3,mem,0,0,0
Compress,38,4,mem,1,1,1
Compress,38,5,mem,1,0,1
Compress,41,1,normal,0,0,0
Compress,41,2,normal,1,1,1
Compress,41,3,normal,1,1,1
Compress,41,4,normal,1,1,1
Compress,41,5,normal,1,1,1
Compress,41,1,time,1,0,1
Compress,41,2,time,1,1,1
Compress,41,3,time,1,0,1
Compress,41,4,time,1,1,1
Compress,41,5,time,1,0,1
Compress,41,1,mem,1,1,1
Compress,41,2,mem,1,1,1
Compress,41,3,mem,0,0,0
Compress,41,4,mem,1,1,1
Compress,41,5,mem,1,0,1
Compress,44,1,normal,0,0,0
Compress,44,2,normal,1,1,1
Compress,44,3,normal,1,1,1
Compress,44,4,normal,0,0,0
Compress,44,5,normal,0,0,0
Compress,44,1,time,0,0,0
Compress,44,2,time,0,0,0
Compress,44,3,time,0,0,0
Compress,44,4,time,0,0,0
Compress,44,5,time,0,0,0
Compress,44,1,mem,0,0,0
Compress,44,2,mem,0,0,0
Compress,44,3,mem,0,0,0
Compress,44,4,mem,0,0,0
Compress,44,5,mem,0,0,0
Compress,45,1,normal,1,1,1
Compress,45,2,normal,1,1,1
Compress,45,3,normal,1,1,1
Compress,45,4,normal,1,1,1
Compress,45,5,normal,1,1,1
Compress,45,1,time,0,0,0
Compress,45,2,time,1,1,1
Compress,45,3,time,1,0,0
Compress,45,4,time,1,0,0
Compress,45,5,time,1,0,0
Compress,45,1,mem,1,1,1
Compress,45,2,mem,1,1,1
Compress,45,3,mem,1,1,1
Compress,45,4,mem,1,1,1
Compress,45,5,mem,1,1,1
Compress,46,1,normal,1,1,1
Compress,46,2,normal,1,1,1
Compress,46,3,normal,1,1,1
Compress,46,4,normal,1,0,0
Compress,46,5,normal,1,1,1
Compress,46,1,time,1,1,1
Compress,46,2,time,1,1,1
Compress,46,3,time,1,1,1
Compress,46,4,time,1,1,1
Compress,46,5,time,1,0,0
Compress,46,1,mem,1,1,1
Compress,46,2,mem,1,1,1
Compress,46,3,mem,1,1,1
Compress,46,4,mem,1,0,0
Compress,46,5,mem,1,1,1
Compress,5,1,normal,1,1,1
Compress,5,2,normal,1,1,1
Compress,5,3,normal,1,1,1
Compress,5,4,normal,1,1,1
Compress,5,5,normal,1,1,1
Compress,5,1,time,1,1,1
Compress,5,2,time,1,1,1
Compress,5,3,time,0,0,0
Compress,5,4,time,1,1,1
Compress,5,5,time,1,0,1
Compress,5,1,mem,1,0,1
Compress,5,2,mem,1,1,1
Compress,5,3,mem,1,1,1
Compress,5,4,mem,1,1,1
Compress,5,5,mem,1,1,1
Compress,7,1,normal,1,1,1
Compress,7,2,normal,1,1,1
Compress,7,3,normal,1,1,1
Compress,7,4,normal,0,0,0
Compress,7,5,normal,1,1,1
Compress,7,1,time,0,0,0
Compress,7,2,time,1,1,1
Compress,7,3,time,0,0,0
Compress,7,4,time,1,1,1
Compress,7,5,time,1,1,1
Compress,7,1,mem,1,1,1
Compress,7,2,mem,1,1,1
Compress,7,3,mem,0,0,0
Compress,7,4,mem,1,1,1
Compress,7,5,mem,1,1,1
Compress,8,1,normal,1,1,1
Compress,8,2,normal,1,1,1
Compress,8,3,normal,1,0,0
Compress,8,4,normal,1,1,1
Compress,8,5,normal,1,1,1
Compress,8,1,time,1,1,1
Compress,8,2,time,1,0,0
Compress,8,3,time,1,0,0
Compress,8,4,time,1,0,1
Compress,8,5,time,1,1,1
Compress,8,1,mem,1,1,1
Compress,8,2,mem,0,0,0
Compress,8,3,mem,1,0,0
Compress,8,4,mem,1,0,1
Compress,8,5,mem,1,0,1
Csv,10,1,normal,1,1,1
Csv,10,2,normal,1,1,1
Csv,10,3,normal,1,1,1
Csv,10,4,normal,1,1,1
Csv,10,5,normal,1,1,1
Csv,10,1,time,1,1,1
Csv,10,2,time,1,1,1
Csv,10,3,time,1,1,1
Csv,10,4,time,1,1,1
Csv,10,5,time,1,1,1
Csv,10,1,mem,1,1,1
Csv,10,2,mem,1,1,1
Csv,10,3,mem,1,1,1
Csv,10,4,mem,1,1,1
Csv,10,5,mem,0,0,0
Csv,11,1,normal,1,0,1
Csv,11,2,normal,0,0,0
Csv,11,3,normal,0,0,0
Csv,11,4,normal,1,1,1
Csv,11,5,normal,0,0,0
Csv,11,1,time,1,1,1
Csv,11,2,time,1,1,1
Csv,11,3,time,1,1,1
Csv,11,4,time,0,0,0
Csv,11,5,time,0,0,0
Csv,11,1,mem,0,0,0
Csv,11,2,mem,0,0,0
Csv,11,3,mem,0,0,0
Csv,11,4,mem,0,0,0
Csv,11,5,mem,0,0,0
Csv,12,1,normal,0,0,0
Csv,12,2,normal,0,0,0
Csv,12,3,normal,0,0,0
Csv,12,4,normal,0,0,0
Csv,12,5,normal,0,0,0
Csv,12,1,time,1,1,1
Csv,12,2,time,0,0,0
Csv,12,3,time,0,0,0
Csv,12,4,time,0,0,0
Csv,12,5,time,0,0,0
Csv,12,1,mem,0,0,0
Csv,12,2,mem,0,0,0
Csv,12,3,mem,0,0,0
Csv,12,4,mem,0,0,0
Csv,12,5,mem,0,0,0
Csv,14,1,normal,1,0,0
Csv,14,2,normal,1,1,1
Csv,14,3,normal,1,1,1
Csv,14,4,normal,1,1,1
Csv,14,5,normal,1,1,1
Csv,14,1,time,1,1,1
Csv,14,2,time,1,1,1
Csv,14,3,time,1,1,1
Csv,14,4,time,1,1,1
Csv,14,5,time,1,1,1
Csv,14,1,mem,1,0,0
Csv,14,2,mem,1,1,1
Csv,14,3,mem,1,0,0
Csv,14,4,mem,1,0,0
Csv,14,5,mem,1,0,0
Csv,15,1,normal,1,1,1
Csv,15,2,normal,1,1,1
Csv,15,3,normal,1,1,1
Csv,15,4,normal,1,1,1
Csv,15,5,normal,1,0,1
Csv,15,1,time,1,0,1
Csv,15,2,time,1,0,1
Csv,15,3,time,1,1,1
Csv,15,4,time,1,1,1
Csv,15,5,time,1,0,0
Csv,15,1,mem,1,0,1
Csv,15,2,mem,1,0,1
Csv,15,3,mem,1,1,1
Csv,15,4,mem,1,1,1
Csv,15,5,mem,1,1,1
Csv,1,1,normal,1,1,1
Csv,1,2,normal,1,1,1
Csv,1,3,normal,1,1,1
Csv,1,4,normal,1,1,1
Csv,1,5,normal,1,1,1
Csv,1,1,time,1,1,1
Csv,1,2,time,1,1,1
Csv,1,3,time,1,1,1
Csv,1,4,time,1,1,1
Csv,1,5,time,1,0,1
Csv,1,1,mem,1,1,1
Csv,1,2,mem,1,1,1
Csv,1,3,mem,1,0,1
Csv,1,4,mem,1,1,1
Csv,1,5,mem,1,1,1
Csv,2,1,normal,1,0,0
Csv,2,2,normal,1,1,1
Csv,2,3,normal,1,1,1
Csv,2,4,normal,1,0,0
Csv,2,5,normal,1,1,1
Csv,2,1,time,1,1,1
Csv,2,2,time,1,1,0
Csv,2,3,time,1,0,0
Csv,2,4,time,1,0,0
Csv,2,5,time,1,1,0
Csv,2,1,mem,1,1,0
Csv,2,2,mem,1,1,0
Csv,2,3,mem,1,1,1
Csv,2,4,mem,1,0,0
Csv,2,5,mem,1,1,0
Csv,3,1,normal,0,0,0
Csv,3,2,normal,1,1,1
Csv,3,3,normal,0,0,0
Csv,3,4,normal,1,1,1
Csv,3,5,normal,1,1,1
Csv,3,1,time,1,0,0
Csv,3,2,time,1,1,1
Csv,3,3,time,0,0,0
Csv,3,4,time,1,1,1
Csv,3,5,time,0,0,0
Csv,3,1,mem,1,0,0
Csv,3,2,mem,1,0,0
Csv,3,3,mem,0,0,0
Csv,3,4,mem,0,0,0
Csv,3,5,mem,0,0,0
Csv,4,1,normal,0,0,0
Csv,4,2,normal,0,0,0
Csv,4,3,normal,0,0,0
Csv,4,4,normal,0,0,0
Csv,4,5,normal,0,0,0
Csv,4,1,time,0,0,0
Csv,4,2,time,0,0,0
Csv,4,3,time,0,0,0
Csv,4,4,time,0,0,0
Csv,4,5,time,0,0,0
Csv,4,1,mem,0,0,0
Csv,4,2,mem,0,0,0
Csv,4,3,mem,0,0,0
Csv,4,4,mem,0,0,0
Csv,4,5,mem,0,0,0
Csv,5,1,normal,1,1,1
Csv,5,2,normal,1,1,1
Csv,5,3,normal,1,1,1
Csv,5,4,normal,1,1,1
Csv,5,5,normal,1,1,1
Csv,5,1,time,1,1,1
Csv,5,2,time,1,1,1
Csv,5,3,time,1,1,1
Csv,5,4,time,1,1,1
Csv,5,5,time,1,1,1
Csv,5,1,mem,1,1,1
Csv,5,2,mem,1,1,1
Csv,5,3,mem,1,1,1
Csv,5,4,mem,1,1,1
Csv,5,5,mem,0,0,0
Csv,6,1,normal,1,1,1
Csv,6,2,normal,1,1,1
Csv,6,3,normal,1,1,1
Csv,6,4,normal,1,1,1
Csv,6,5,normal,1,1,1
Csv,6,1,time,1,1,1
Csv,6,2,time,1,1,1
Csv,6,3,time,1,1,1
Csv,6,4,time,1,1,1
Csv,6,5,time,1,0,1
Csv,6,1,mem,1,1,1
Csv,6,2,mem,1,1,1
Csv,6,3,mem,1,1,1
Csv,6,4,mem,1,1,1
Csv,6,5,mem,1,1,1
Csv,9,1,normal,1,1,1
Csv,9,2,normal,1,1,1
Csv,9,3,normal,1,1,1
Csv,9,4,normal,1,1,1
Csv,9,5,normal,1,1,1
Csv,9,1,time,1,1,1
Csv,9,2,time,1,1,1
Csv,9,3,time,1,1,1
Csv,9,4,time,1,1,1
Csv,9,5,time,1,1,1
Csv,9,1,mem,1,0,0
Csv,9,2,mem,1,1,1
Csv,9,3,mem,1,1,1
Csv,9,4,mem,1,1,1
Csv,9,5,mem,1,1,1
Jsoup,10,1,normal,0,0,0
Jsoup,10,2,normal,1,1,1
Jsoup,10,3,normal,1,1,1
Jsoup,10,4,normal,1,1,1
Jsoup,10,5,normal,1,1,1
Jsoup,10,1,time,1,0,1
Jsoup,10,2,time,1,0,1
Jsoup,10,3,time,1,1,1
Jsoup,10,4,time,0,0,0
Jsoup,10,5,time,1,0,1
Jsoup,10,1,mem,1,1,1
Jsoup,10,2,mem,0,0,0
Jsoup,10,3,mem,0,0,0
Jsoup,10,4,mem,0,0,0
Jsoup,10,5,mem,1,0,1
Jsoup,13,1,normal,1,0,1
Jsoup,13,2,normal,1,1,1
Jsoup,13,3,normal,1,0,1
Jsoup,13,4,normal,1,1,1
Jsoup,13,5,normal,1,1,1
Jsoup,13,1,time,1,1,1
Jsoup,13,2,time,1,1,1
Jsoup,13,3,time,1,0,1
Jsoup,13,4,time,1,1,1
Jsoup,13,5,time,1,0,1
Jsoup,13,1,mem,1,1,1
Jsoup,13,2,mem,1,0,1
Jsoup,13,3,mem,1,0,1
Jsoup,13,4,mem,1,0,1
Jsoup,13,5,mem,1,0,1
Jsoup,17,1,normal,0,0,0
Jsoup,17,2,normal,0,0,0
Jsoup,17,3,normal,0,0,0
Jsoup,17,4,normal,0,0,0
Jsoup,17,5,normal,0,0,0
Jsoup,17,1,time,0,0,0
Jsoup,17,2,time,0,0,0
Jsoup,17,3,time,0,0,0
Jsoup,17,4,time,0,0,0
Jsoup,17,5,time,1,1,1
Jsoup,17,1,mem,0,0,0
Jsoup,17,2,mem,0,0,0
Jsoup,17,3,mem,0,0,0
Jsoup,17,4,mem,0,0,0
Jsoup,17,5,mem,0,0,0
Jsoup,19,1,normal,1,1,1
Jsoup,19,2,normal,1,1,1
Jsoup,19,3,normal,1,1,1
Jsoup,19,4,normal,1,1,1
Jsoup,19,5,normal,1,1,1
Jsoup,19,1,time,1,1,1
Jsoup,19,2,time,1,0,1
Jsoup,19,3,time,1,0,1
Jsoup,19,4,time,1,0,0
Jsoup,19,5,time,1,0,0
Jsoup,19,1,mem,1,0,1
Jsoup,19,2,mem,1,0,1
Jsoup,19,3,mem,1,1,1
Jsoup,19,4,mem,0,0,0
Jsoup,19,5,mem,1,1,1
Jsoup,1,1,normal,1,1,1
Jsoup,1,2,normal,1,1,1
Jsoup,1,3,normal,0,0,0
Jsoup,1,4,normal,1,1,1
Jsoup,1,5,normal,1,0,0
Jsoup,1,1,time,0,0,0
Jsoup,1,2,time,0,0,0
Jsoup,1,3,time,1,1,1
Jsoup,1,4,time,1,1,1
Jsoup,1,5,time,0,0,0
Jsoup,1,1,mem,1,1,1
Jsoup,1,2,mem,0,0,0
Jsoup,1,3,mem,0,0,0
Jsoup,1,4,mem,0,0,0
Jsoup,1,5,mem,0,0,0
Jsoup,20,1,normal,1,1,1
Jsoup,20,2,normal,1,1,1
Jsoup,20,3,normal,1,1,1
Jsoup,20,4,normal,1,1,0
Jsoup,20,5,normal,1,1,0
Jsoup,20,1,time,1,1,1
Jsoup,20,2,time,1,1,0
Jsoup,20,3,time,1,1,1
Jsoup,20,4,time,1,1,0
Jsoup,20,5,time,1,1,0
Jsoup,20,1,mem,1,1,1
Jsoup,20,2,mem,1,1,1
Jsoup,20,3,mem,1,1,1
Jsoup,20,4,mem,1,0,0
Jsoup,20,5,mem,1,1,0
Jsoup,24,1,normal,1,1,1
Jsoup,24,2,normal,1,1,1
Jsoup,24,3,normal,1,1,1
Jsoup,24,4,normal,1,0,1
Jsoup,24,5,normal,1,1,1
Jsoup,24,1,time,0,0,0
Jsoup,24,2,time,1,1,1
Jsoup,24,3,time,1,1,1
Jsoup,24,4,time,1,1,1
Jsoup,24,5,time,1,1,1
Jsoup,24,1,mem,1,1,1
Jsoup,24,2,mem,1,1,1
Jsoup,24,3,mem,1,0,1
Jsoup,24,4,mem,1,0,1
Jsoup,24,5,mem,1,0,1
Jsoup,25,1,normal,0,0,0
Jsoup,25,2,normal,0,0,0
Jsoup,25,3,normal,0,0,0
Jsoup,25,4,normal,0,0,0
Jsoup,25,5,normal,0,0,0
Jsoup,25,1,time,0,0,0
Jsoup,25,2,time,0,0,0
Jsoup,25,3,time,1,1,1
Jsoup,25,4,time,0,0,0
Jsoup,25,5,time,0,0,0
Jsoup,25,1,mem,0,0,0
Jsoup,25,2,mem,1,1,1
Jsoup,25,3,mem,0,0,0
Jsoup,25,4,mem,0,0,0
Jsoup,25,5,mem,0,0,0
Jsoup,26,1,normal,1,1,1
Jsoup,26,2,normal,1,1,1
Jsoup,26,3,normal,1,1,1
Jsoup,26,4,normal,1,1,1
Jsoup,26,5,normal,1,1,1
Jsoup,26,1,time,1,1,1
Jsoup,26,2,time,0,0,0
Jsoup,26,3,time,1,1,1
Jsoup,26,4,time,1,1,1
Jsoup,26,5,time,1,1,1
Jsoup,26,1,mem,1,1,1
Jsoup,26,2,mem,1,1,1
Jsoup,26,3,mem,0,0,0
Jsoup,26,4,mem,1,1,1
Jsoup,26,5,mem,1,0,0
Jsoup,27,1,normal,1,0,1
Jsoup,27,2,normal,1,1,1
Jsoup,27,3,normal,1,0,1
Jsoup,27,4,normal,1,1,1
Jsoup,27,5,normal,1,1,1
Jsoup,27,1,time,1,0,1
Jsoup,27,2,time,1,1,1
Jsoup,27,3,time,1,1,1
Jsoup,27,4,time,1,0,1
Jsoup,27,5,time,1,0,1
Jsoup,27,1,mem,0,0,0
Jsoup,27,2,mem,1,0,1
Jsoup,27,3,mem,1,0,1
Jsoup,27,4,mem,1,0,1
Jsoup,27,5,mem,1,1,1
Jsoup,2,1,normal,1,0,1
Jsoup,2,2,normal,0,0,0
Jsoup,2,3,normal,1,1,1
Jsoup,2,4,normal,1,1,1
Jsoup,2,5,normal,0,0,0
Jsoup,2,1,time,1,0,1
Jsoup,2,2,time,0,0,0
Jsoup,2,3,time,1,0,1
Jsoup,2,4,time,0,0,0
Jsoup,2,5,time,1,1,1
Jsoup,2,1,mem,0,0,0
Jsoup,2,2,mem,1,0,1
Jsoup,2,3,mem,1,0,1
Jsoup,2,4,mem,1,0,1
Jsoup,2,5,mem,1,0,1
Jsoup,32,1,normal,1,1,1
Jsoup,32,2,normal,1,1,1
Jsoup,32,3,normal,1,1,1
Jsoup,32,4,normal,1,1,1
Jsoup,32,5,normal,1,1,1
Jsoup,32,1,time,0,0,0
Jsoup,32,2,time,0,0,0
Jsoup,32,3,time,0,0,0
Jsoup,32,4,time,1,1,1
Jsoup,32,5,time,1,1,1
Jsoup,32,1,mem,0,0,0
Jsoup,32,2,mem,1,1,1
Jsoup,32,3,mem,1,1,1
Jsoup,32,4,mem,1,1,1
Jsoup,32,5,mem,0,0,0
Jsoup,33,1,normal,1,1,1
Jsoup,33,2,normal,1,1,1
Jsoup,33,3,normal,1,1,1
Jsoup,33,4,normal,1,1,1
Jsoup,33,5,normal,1,0,0
Jsoup,33,1,time,1,0,1
Jsoup,33,2,time,0,0,0
Jsoup,33,3,time,0,0,0
Jsoup,33,4,time,1,0,0
Jsoup,33,5,time,0,0,0
Jsoup,33,1,mem,1,1,1
Jsoup,33,2,mem,0,0,0
Jsoup,33,3,mem,1,1,1
Jsoup,33,4,mem,1,1,1
Jsoup,33,5,mem,0,0,0
Jsoup,34,1,normal,1,0,0
Jsoup,34,2,normal,1,1,1
Jsoup,34,3,normal,1,1,1
Jsoup,34,4,normal,1,1,1
Jsoup,34,5,normal,1,0,0
Jsoup,34,1,time,1,1,1
Jsoup,34,2,time,1,0,0
Jsoup,34,3,time,0,0,0
Jsoup,34,4,time,1,1,1
Jsoup,34,5,time,1,1,1
Jsoup,34,1,mem,1,0,0
Jsoup,34,2,mem,1,0,0
Jsoup,34,3,mem,1,1,1
Jsoup,34,4,mem,1,0,0
Jsoup,34,5,mem,1,1,1
Jsoup,37,1,normal,1,1,1
Jsoup,37,2,normal,1,1,1
Jsoup,37,3,normal,1,1,1
Jsoup,37,4,normal,1,1,1
Jsoup,37,5,normal,1,1,1
Jsoup,37,1,time,0,0,0
Jsoup,37,2,time,1,1,1
Jsoup,37,3,time,1,0,0
Jsoup,37,4,time,1,0,1
Jsoup,37,5,time,1,0,0
Jsoup,37,1,mem,1,1,1
Jsoup,37,2,mem,1,1,1
Jsoup,37,3,mem,1,0,0
Jsoup,37,4,mem,0,0,0
Jsoup,37,5,mem,1,1,1
Jsoup,39,1,normal,1,1,1
Jsoup,39,2,normal,0,0,0
Jsoup,39,3,normal,1,0,0
Jsoup,39,4,normal,1,1,1
Jsoup,39,5,normal,1,1,1
Jsoup,39,1,time,1,0,0
Jsoup,39,2,time,1,0,1
Jsoup,39,3,time,1,1,1
Jsoup,39,4,time,0,0,0
Jsoup,39,5,time,1,1,1
Jsoup,39,1,mem,1,0,1
Jsoup,39,2,mem,1,1,1
Jsoup,39,3,mem,1,0,1
Jsoup,39,4,mem,0,0,0
Jsoup,39,5,mem,0,0,0
Jsoup,40,1,normal,1,0,1
Jsoup,40,2,normal,1,1,1
Jsoup,40,3,normal,1,1,1
Jsoup,40,4,normal,1,1,1
Jsoup,40,5,normal,1,1,1
Jsoup,40,1,time,1,0,0
Jsoup,40,2,time,1,1,1
Jsoup,40,3,time,1,1,1
Jsoup,40,4,time,1,0,0
Jsoup,40,5,time,1,1,1
Jsoup,40,1,mem,1,1,1
Jsoup,40,2,mem,1,0,0
Jsoup,40,3,mem,1,1,1
Jsoup,40,4,mem,1,1,1
Jsoup,40,5,mem,1,0,1
Jsoup,41,1,normal,1,1,1
Jsoup,41,2,normal,1,0,0
Jsoup,41,3,normal,1,1,1
Jsoup,41,4,normal,1,1,1
Jsoup,41,5,normal,1,1,1
Jsoup,41,1,time,1,1,1
Jsoup,41,2,time,1,0,0
Jsoup,41,3,time,1,0,0
Jsoup,41,4,time,1,1,1
Jsoup,41,5,time,1,1,1
Jsoup,41,1,mem,1,0,0
Jsoup,41,2,mem,1,0,0
Jsoup,41,3,mem,1,1,1
Jsoup,41,4,mem,1,1,1
Jsoup,41,5,mem,1,0,1
Jsoup,43,1,normal,1,1,1
Jsoup,43,2,normal,1,0,1
Jsoup,43,3,normal,1,1,1
Jsoup,43,4,normal,1,1,0
Jsoup,43,5,normal,1,1,0
Jsoup,43,1,time,1,0,1
Jsoup,43,2,time,1,0,0
Jsoup,43,3,time,1,0,1
Jsoup,43,4,time,1,1,1
Jsoup,43,5,time,1,0,0
Jsoup,43,1,mem,1,1,0
Jsoup,43,2,mem,1,1,1
Jsoup,43,3,mem,1,1,1
Jsoup,43,4,mem,1,1,1
Jsoup,43,5,mem,1,0,0
Jsoup,45,1,normal,1,1,0
Jsoup,45,2,normal,1,1,1
Jsoup,45,3,normal,1,1,1
Jsoup,45,4,normal,1,1,0
Jsoup,45,5,normal,1,1,1
Jsoup,45,1,time,1,1,0
Jsoup,45,2,time,1,1,0
Jsoup,45,3,time,1,1,0
Jsoup,45,4,time,1,1,1
Jsoup,45,5,time,1,1,0
Jsoup,45,1,mem,1,1,1
Jsoup,45,2,mem,1,1,1
Jsoup,45,3,mem,1,1,0
Jsoup,45,4,mem,1,1,1
Jsoup,45,5,mem,1,1,1
Jsoup,46,1,normal,1,1,1
Jsoup,46,2,normal,1,1,1
Jsoup,46,3,normal,1,1,1
Jsoup,46,4,normal,1,1,1
Jsoup,46,5,normal,1,1,1
Jsoup,46,1,time,1,1,1
Jsoup,46,2,time,1,0,1
Jsoup,46,3,time,1,1,1
Jsoup,46,4,time,1,1,1
Jsoup,46,5,time,1,0,1
Jsoup,46,1,mem,1,1,1
Jsoup,46,2,mem,1,1,1
Jsoup,46,3,mem,0,0,0
Jsoup,46,4,mem,0,0,0
Jsoup,46,5,mem,1,0,1
Jsoup,47,1,normal,1,1,1
Jsoup,47,2,normal,1,1,1
Jsoup,47,3,normal,1,1,1
Jsoup,47,4,normal,1,0,0
Jsoup,47,5,normal,1,1,1
Jsoup,47,1,time,1,1,1
Jsoup,47,2,time,1,1,1
Jsoup,47,3,time,1,0,1
Jsoup,47,4,time,1,1,1
Jsoup,47,5,time,1,0,0
Jsoup,47,1,mem,1,1,1
Jsoup,47,2,mem,1,1,1
Jsoup,47,3,mem,1,1,1
Jsoup,47,4,mem,1,1,1
Jsoup,47,5,mem,1,1,1
Jsoup,48,1,normal,1,1,1
Jsoup,48,2,normal,1,1,1
Jsoup,48,3,normal,1,1,1
Jsoup,48,4,normal,1,1,1
Jsoup,48,5,normal,1,1,1
Jsoup,48,1,time,1,1,1
Jsoup,48,2,time,1,1,1
Jsoup,48,3,time,1,1,1
Jsoup,48,4,time,1,1,1
Jsoup,48,5,time,1,1,0
Jsoup,48,1,mem,1,1,1
Jsoup,48,2,mem,1,1,1
Jsoup,48,3,mem,1,1,0
Jsoup,48,4,mem,1,1,1
Jsoup,48,5,mem,1,1,1
Jsoup,49,1,normal,1,0,1
Jsoup,49,2,normal,0,0,0
Jsoup,49,3,normal,1,1,1
Jsoup,49,4,normal,1,0,1
Jsoup,49,5,normal,1,0,1
Jsoup,49,1,time,0,0,0
Jsoup,49,2,time,1,0,1
Jsoup,49,3,time,1,0,1
Jsoup,49,4,time,0,0,0
Jsoup,49,5,time,1,1,1
Jsoup,49,1,mem,1,1,1
Jsoup,49,2,mem,1,0,1
Jsoup,49,3,mem,1,0,1
Jsoup,49,4,mem,1,0,1
Jsoup,49,5,mem,1,0,1
Jsoup,51,1,normal,1,1,1
Jsoup,51,2,normal,1,1,1
Jsoup,51,3,normal,1,1,1
Jsoup,51,4,normal,1,1,1
Jsoup,51,5,normal,1,1,1
Jsoup,51,1,time,1,1,1
Jsoup,51,2,time,1,1,1
Jsoup,51,3,time,1,1,1
Jsoup,51,4,time,1,1,1
Jsoup,51,5,time,1,1,1
Jsoup,51,1,mem,1,1,1
Jsoup,51,2,mem,1,0,1
Jsoup,51,3,mem,1,1,1
Jsoup,51,4,mem,1,1,1
Jsoup,51,5,mem,1,1,1
Jsoup,53,1,normal,1,1,1
Jsoup,53,2,normal,1,0,1
Jsoup,53,3,normal,1,1,1
Jsoup,53,4,normal,1,1,1
Jsoup,53,5,normal,1,0,1
Jsoup,53,1,time,1,0,0
Jsoup,53,2,time,1,1,1
Jsoup,53,3,time,0,0,0
Jsoup,53,4,time,1,0,1
Jsoup,53,5,time,1,1,0
Jsoup,53,1,mem,1,0,0
Jsoup,53,2,mem,1,0,0
Jsoup,53,3,mem,1,0,0
Jsoup,53,4,mem,1,0,0
Jsoup,53,5,mem,1,1,1
Jsoup,54,1,normal,1,1,1
Jsoup,54,2,normal,0,0,0
Jsoup,54,3,normal,1,1,1
Jsoup,54,4,normal,1,1,1
Jsoup,54,5,normal,1,1,1
Jsoup,54,1,time,1,1,1
Jsoup,54,2,time,1,1,1
Jsoup,54,3,time,1,1,1
Jsoup,54,4,time,1,1,1
Jsoup,54,5,time,1,1,1
Jsoup,54,1,mem,1,0,1
Jsoup,54,2,mem,0,0,0
Jsoup,54,3,mem,1,1,1
Jsoup,54,4,mem,1,1,1
Jsoup,54,5,mem,1,1,1
Jsoup,55,1,normal,1,1,1
Jsoup,55,2,normal,0,0,0
Jsoup,55,3,normal,0,0,0
Jsoup,55,4,normal,1,0,1
Jsoup,55,5,normal,1,1,1
Jsoup,55,1,time,0,0,0
Jsoup,55,2,time,1,1,1
Jsoup,55,3,time,1,1,1
Jsoup,55,4,time,0,0,0
Jsoup,55,5,time,1,1,1
Jsoup,55,1,mem,0,0,0
Jsoup,55,2,mem,1,1,1
Jsoup,55,3,mem,1,1,1
Jsoup,55,4,mem,1,0,1
Jsoup,55,5,mem,1,1,1
Jsoup,57,1,normal,1,1,1
Jsoup,57,2,normal,1,1,1
Jsoup,57,3,normal,1,1,1
Jsoup,57,4,normal,1,1,1
Jsoup,57,5,normal,1,1,1
Jsoup,57,1,time,0,0,0
Jsoup,57,2,time,0,0,0
Jsoup,57,3,time,0,0,0
Jsoup,57,4,time,0,0,0
Jsoup,57,5,time,0,0,0
Jsoup,57,1,mem,0,0,0
Jsoup,57,2,mem,0,0,0
Jsoup,57,3,mem,0,0,0
Jsoup,57,4,mem,0,0,0
Jsoup,57,5,mem,0,0,0
Jsoup,5,1,normal,1,1,1
Jsoup,5,2,normal,1,1,1
Jsoup,5,3,normal,1,1,1
Jsoup,5,4,normal,1,1,1
Jsoup,5,5,normal,1,1,1
Jsoup,5,1,time,1,0,0
Jsoup,5,2,time,1,0,0
Jsoup,5,3,time,1,1,1
Jsoup,5,4,time,1,1,1
Jsoup,5,5,time,1,1,1
Jsoup,5,1,mem,1,1,1
Jsoup,5,2,mem,1,1,1
Jsoup,5,3,mem,1,1,1
Jsoup,5,4,mem,1,1,1
Jsoup,5,5,mem,1,0,0
Jsoup,61,1,normal,1,0,0
Jsoup,61,2,normal,1,1,1
Jsoup,61,3,normal,1,0,1
Jsoup,61,4,normal,1,0,1
Jsoup,61,5,normal,1,1,1
Jsoup,61,1,time,1,1,1
Jsoup,61,2,time,1,1,1
Jsoup,61,3,time,1,1,1
Jsoup,61,4,time,1,0,1
Jsoup,61,5,time,1,0,1
Jsoup,61,1,mem,1,1,1
Jsoup,61,2,mem,1,1,1
Jsoup,61,3,mem,1,1,1
Jsoup,61,4,mem,1,1,1
Jsoup,61,5,mem,1,1,1
Jsoup,62,1,normal,1,1,1
Jsoup,62,2,normal,0,0,0
Jsoup,62,3,normal,0,0,0
Jsoup,62,4,normal,1,1,1
Jsoup,62,5,normal,1,1,1
Jsoup,62,1,time,1,1,1
Jsoup,62,2,time,0,0,0
Jsoup,62,3,time,1,1,1
Jsoup,62,4,time,1,1,1
Jsoup,62,5,time,1,1,1
Jsoup,62,1,mem,1,1,1
Jsoup,62,2,mem,1,1,1
Jsoup,62,3,mem,1,1,1
Jsoup,62,4,mem,0,0,0
Jsoup,62,5,mem,1,1,1
Jsoup,64,1,normal,1,1,1
Jsoup,64,2,normal,1,1,1
Jsoup,64,3,normal,1,1,1
Jsoup,64,4,normal,1,1,1
Jsoup,64,5,normal,1,0,1
Jsoup,64,1,time,1,1,1
Jsoup,64,2,time,1,1,1
Jsoup,64,3,time,1,0,1
Jsoup,64,4,time,1,1,1
Jsoup,64,5,time,1,0,1
Jsoup,64,1,mem,1,1,1
Jsoup,64,2,mem,1,1,1
Jsoup,64,3,mem,1,1,1
Jsoup,64,4,mem,1,1,1
Jsoup,64,5,mem,1,1,1
Jsoup,69,1,normal,1,1,1
Jsoup,69,2,normal,1,1,1
Jsoup,69,3,normal,1,1,1
Jsoup,69,4,normal,1,1,1
Jsoup,69,5,normal,1,1,1
Jsoup,69,1,time,1,1,1
Jsoup,69,2,time,1,1,1
Jsoup,69,3,time,1,1,1
Jsoup,69,4,time,1,1,1
Jsoup,69,5,time,1,1,1
Jsoup,69,1,mem,1,1,1
Jsoup,69,2,mem,1,1,1
Jsoup,69,3,mem,0,0,0
Jsoup,69,4,mem,1,1,0
Jsoup,69,5,mem,1,1,1
Jsoup,6,1,normal,0,0,0
Jsoup,6,2,normal,1,1,1
Jsoup,6,3,normal,1,1,1
Jsoup,6,4,normal,1,1,1
Jsoup,6,5,normal,1,1,1
Jsoup,6,1,time,1,1,1
Jsoup,6,2,time,0,0,0
Jsoup,6,3,time,1,1,1
Jsoup,6,4,time,1,0,0
Jsoup,6,5,time,0,0,0
Jsoup,6,1,mem,1,0,0
Jsoup,6,2,mem,0,0,0
Jsoup,6,3,mem,1,0,1
Jsoup,6,4,mem,1,0,0
Jsoup,6,5,mem,0,0,0
Jsoup,70,1,normal,1,1,1
Jsoup,70,2,normal,1,1,1
Jsoup,70,3,normal,0,0,0
Jsoup,70,4,normal,1,1,1
Jsoup,70,5,normal,1,1,1
Jsoup,70,1,time,1,1,1
Jsoup,70,2,time,1,1,1
Jsoup,70,3,time,1,1,1
Jsoup,70,4,time,1,1,1
Jsoup,70,5,time,1,1,1
Jsoup,70,1,mem,1,1,1
Jsoup,70,2,mem,1,1,1
Jsoup,70,3,mem,1,1,1
Jsoup,70,4,mem,1,1,1
Jsoup,70,5,mem,1,1,1
Jsoup,72,1,normal,1,1,1
Jsoup,72,2,normal,1,0,1
Jsoup,72,3,normal,1,1,1
Jsoup,72,4,normal,1,0,1
Jsoup,72,5,normal,0,0,0
Jsoup,72,1,time,0,0,0
Jsoup,72,2,time,1,0,1
Jsoup,72,3,time,1,0,1
Jsoup,72,4,time,1,0,1
Jsoup,72,5,time,1,0,1
Jsoup,72,1,mem,1,0,1
Jsoup,72,2,mem,1,0,1
Jsoup,72,3,mem,0,0,0
Jsoup,72,4,mem,1,1,1
Jsoup,72,5,mem,0,0,0
Jsoup,75,1,normal,0,0,0
Jsoup,75,2,normal,1,0,1
Jsoup,75,3,normal,1,1,1
Jsoup,75,4,normal,1,1,1
Jsoup,75,5,normal,1,0,0
Jsoup,75,1,time,1,1,1
Jsoup,75,2,time,0,0,0
Jsoup,75,3,time,1,0,1
Jsoup,75,4,time,0,0,0
Jsoup,75,5,time,1,0,0
Jsoup,75,1,mem,0,0,0
Jsoup,75,2,mem,1,0,0
Jsoup,75,3,mem,0,0,0
Jsoup,75,4,mem,0,0,0
Jsoup,75,5,mem,1,1,1
Jsoup,77,1,normal,1,1,1
Jsoup,77,2,normal,1,1,1
Jsoup,77,3,normal,1,1,1
Jsoup,77,4,normal,1,1,1
Jsoup,77,5,normal,1,1,1
Jsoup,77,1,time,1,1,1
Jsoup,77,2,time,1,1,1
Jsoup,77,3,time,1,1,1
Jsoup,77,4,time,0,0,0
Jsoup,77,5,time,1,1,1
Jsoup,77,1,mem,1,1,1
Jsoup,77,2,mem,1,1,1
Jsoup,77,3,mem,0,0,0
Jsoup,77,4,mem,0,0,0
Jsoup,77,5,mem,0,0,0
Jsoup,80,1,normal,1,0,1
Jsoup,80,2,normal,1,1,1
Jsoup,80,3,normal,1,1,1
Jsoup,80,4,normal,1,1,1
Jsoup,80,5,normal,1,1,1
Jsoup,80,1,time,0,0,0
Jsoup,80,2,time,0,0,0
Jsoup,80,3,time,1,0,1
Jsoup,80,4,time,0,0,0
Jsoup,80,5,time,0,0,0
Jsoup,80,1,mem,1,0,1
Jsoup,80,2,mem,0,0,0
Jsoup,80,3,mem,1,1,1
Jsoup,80,4,mem,1,0,1
Jsoup,80,5,mem,1,0,1
Jsoup,82,1,normal,1,1,1
Jsoup,82,2,normal,1,1,1
Jsoup,82,3,normal,1,1,1
Jsoup,82,4,normal,0,0,0
Jsoup,82,5,normal,1,1,1
Jsoup,82,1,time,1,1,1
Jsoup,82,2,time,1,0,1
Jsoup,82,3,time,0,0,0
Jsoup,82,4,time,0,0,0
Jsoup,82,5,time,1,0,1
Jsoup,82,1,mem,1,0,1
Jsoup,82,2,mem,1,1,1
Jsoup,82,3,mem,0,0,0
Jsoup,82,4,mem,0,0,0
Jsoup,82,5,mem,1,0,1
Jsoup,84,1,normal,1,1,1
Jsoup,84,2,normal,1,1,1
Jsoup,84,3,normal,1,1,1
Jsoup,84,4,normal,1,1,1
Jsoup,84,5,normal,1,1,1
Jsoup,84,1,time,1,1,1
Jsoup,84,2,time,1,1,1
Jsoup,84,3,time,1,1,1
Jsoup,84,4,time,1,1,1
Jsoup,84,5,time,1,1,1
Jsoup,84,1,mem,1,0,1
Jsoup,84,2,mem,1,0,1
Jsoup,84,3,mem,1,1,1
Jsoup,84,4,mem,1,0,1
Jsoup,84,5,mem,1,0,1
Jsoup,85,1,normal,1,1,1
Jsoup,85,2,normal,1,1,1
Jsoup,85,3,normal,1,1,1
Jsoup,85,4,normal,1,1,1
Jsoup,85,5,normal,1,1,1
Jsoup,85,1,time,1,1,1
Jsoup,85,2,time,1,0,0
Jsoup,85,3,time,1,1,1
Jsoup,85,4,time,0,0,0
Jsoup,85,5,time,0,0,0
Jsoup,85,1,mem,1,1,1
Jsoup,85,2,mem,1,1,1
Jsoup,85,3,mem,1,1,1
Jsoup,85,4,mem,1,1,1
Jsoup,85,5,mem,0,0,0
Jsoup,86,1,normal,0,0,0
Jsoup,86,2,normal,0,0,0
Jsoup,86,3,normal,0,0,0
Jsoup,86,4,normal,1,1,1
Jsoup,86,5,normal,1,1,1
Jsoup,86,1,time,0,0,0
Jsoup,86,2,time,1,0,0
Jsoup,86,3,time,0,0,0
Jsoup,86,4,time,1,0,0
Jsoup,86,5,time,1,0,0
Jsoup,86,1,mem,0,0,0
Jsoup,86,2,mem,1,0,0
Jsoup,86,3,mem,0,0,0
Jsoup,86,4,mem,0,0,0
Jsoup,86,5,mem,0,0,0
Jsoup,88,1,normal,1,1,1
Jsoup,88,2,normal,1,1,1
Jsoup,88,3,normal,1,0,0
Jsoup,88,4,normal,1,1,1
Jsoup,88,5,normal,1,1,1
Jsoup,88,1,time,1,1,1
Jsoup,88,2,time,1,0,0
Jsoup,88,3,time,1,1,1
Jsoup,88,4,time,1,1,1
Jsoup,88,5,time,0,0,0
Jsoup,88,1,mem,1,1,1
Jsoup,88,2,mem,1,1,1
Jsoup,88,3,mem,1,1,1
Jsoup,88,4,mem,1,0,0
Jsoup,88,5,mem,1,1,1
Jsoup,89,1,normal,1,1,1
Jsoup,89,2,normal,1,1,1
Jsoup,89,3,normal,1,1,0
Jsoup,89,4,normal,1,1,1
Jsoup,89,5,normal,1,1,1
Jsoup,89,1,time,1,1,0
Jsoup,89,2,time,1,1,0
Jsoup,89,3,time,1,1,0
Jsoup,89,4,time,1,1,0
Jsoup,89,5,time,1,1,0
Jsoup,89,1,mem,1,1,1
Jsoup,89,2,mem,1,1,1
Jsoup,89,3,mem,1,1,0
Jsoup,89,4,mem,1,0,0
Jsoup,89,5,mem,0,0,0
Jsoup,90,1,normal,1,1,1
Jsoup,90,2,normal,1,1,1
Jsoup,90,3,normal,1,1,1
Jsoup,90,4,normal,1,1,1
Jsoup,90,5,normal,1,1,1
Jsoup,90,1,time,1,1,1
Jsoup,90,2,time,1,1,1
Jsoup,90,3,time,1,1,1
Jsoup,90,4,time,1,1,1
Jsoup,90,5,time,1,1,1
Jsoup,90,1,mem,1,1,1
Jsoup,90,2,mem,1,1,1
Jsoup,90,3,mem,1,1,1
Jsoup,90,4,mem,1,1,1
Jsoup,90,5,mem,1,1,1
Jsoup,93,1,normal,1,1,1
Jsoup,93,2,normal,1,1,1
Jsoup,93,3,normal,1,1,1
Jsoup,93,4,normal,1,1,1
Jsoup,93,5,normal,1,1,1
Jsoup,93,1,time,1,1,1
Jsoup,93,2,time,1,0,1
Jsoup,93,3,time,1,1,1
Jsoup,93,4,time,0,0,0
Jsoup,93,5,time,1,1,1
Jsoup,93,1,mem,1,1,1
Jsoup,93,2,mem,1,1,1
Jsoup,93,3,mem,1,1,1
Jsoup,93,4,mem,1,1,1
Jsoup,93,5,mem,0,0,0
Jsoup,9,1,normal,0,0,0
Jsoup,9,2,normal,0,0,0
Jsoup,9,3,normal,0,0,0
Jsoup,9,4,normal,0,0,0
Jsoup,9,5,normal,0,0,0
Jsoup,9,1,time,0,0,0
Jsoup,9,2,time,0,0,0
Jsoup,9,3,time,0,0,0
Jsoup,9,4,time,0,0,0
Jsoup,9,5,time,0,0,0
Jsoup,9,1,mem,0,0,0
Jsoup,9,2,mem,0,0,0
Jsoup,9,3,mem,0,0,0
Jsoup,9,4,mem,0,0,0
Jsoup,9,5,mem,0,0,0
Lang,10,1,normal,1,1,1
Lang,10,2,normal,1,1,1
Lang,10,3,normal,1,1,1
Lang,10,4,normal,1,1,1
Lang,10,5,normal,1,1,1
Lang,10,1,time,1,0,1
Lang,10,2,time,1,1,1
Lang,10,3,time,1,1,1
Lang,10,4,time,0,0,0
Lang,10,5,time,1,1,1
Lang,10,1,mem,1,0,0
Lang,10,2,mem,1,0,0
Lang,10,3,mem,1,1,1
Lang,10,4,mem,1,1,1
Lang,10,5,mem,1,1,1
Lang,11,1,normal,1,0,0
Lang,11,2,normal,1,0,0
Lang,11,3,normal,1,1,1
Lang,11,4,normal,1,1,1
Lang,11,5,normal,1,0,0
Lang,11,1,time,1,0,0
Lang,11,2,time,1,1,1
Lang,11,3,time,1,0,0
Lang,11,4,time,0,0,0
Lang,11,5,time,1,0,0
Lang,11,1,mem,1,0,0
Lang,11,2,mem,1,0,0
Lang,11,3,mem,1,1,1
Lang,11,4,mem,1,1,1
Lang,11,5,mem,0,0,0
Lang,12,1,normal,1,1,1
Lang,12,2,normal,1,0,0
Lang,12,3,normal,1,1,1
Lang,12,4,normal,1,1,1
Lang,12,5,normal,1,0,0
Lang,12,1,time,1,1,1
Lang,12,2,time,1,1,1
Lang,12,3,time,1,1,1
Lang,12,4,time,1,1,1
Lang,12,5,time,1,1,1
Lang,12,1,mem,1,0,0
Lang,12,2,mem,1,1,1
Lang,12,3,mem,1,1,1
Lang,12,4,mem,1,0,0
Lang,12,5,mem,1,1,1
Lang,14,1,normal,1,1,1
Lang,14,2,normal,1,1,1
Lang,14,3,normal,1,1,1
Lang,14,4,normal,1,1,1
Lang,14,5,normal,1,1,1
Lang,14,1,time,0,0,0
Lang,14,2,time,1,1,1
Lang,14,3,time,1,0,1
Lang,14,4,time,1,0,1
Lang,14,5,time,1,1,1
Lang,14,1,mem,1,1,1
Lang,14,2,mem,0,0,0
Lang,14,3,mem,1,1,1
Lang,14,4,mem,1,1,1
Lang,14,5,mem,1,1,0
Lang,18,1,normal,0,0,0
Lang,18,2,normal,0,0,0
Lang,18,3,normal,0,0,0
Lang,18,4,normal,1,0,0
Lang,18,5,normal,1,1,1
Lang,18,1,time,1,1,1
Lang,18,2,time,0,0,0
Lang,18,3,time,0,0,0
Lang,18,4,time,1,1,1
Lang,18,5,time,0,0,0
Lang,18,1,mem,1,1,1
Lang,18,2,mem,1,0,0
Lang,18,3,mem,0,0,0
Lang,18,4,mem,0,0,0
Lang,18,5,mem,0,0,0
Lang,26,1,normal,1,1,1
Lang,26,2,normal,1,1,1
Lang,26,3,normal,1,1,1
Lang,26,4,normal,1,1,1
Lang,26,5,normal,0,0,0
Lang,26,1,time,0,0,0
Lang,26,2,time,0,0,0
Lang,26,3,time,1,1,1
Lang,26,4,time,1,0,0
Lang,26,5,time,1,0,1
Lang,26,1,mem,0,0,0
Lang,26,2,mem,0,0,0
Lang,26,3,mem,0,0,0
Lang,26,4,mem,0,0,0
Lang,26,5,mem,0,0,0
Lang,28,1,normal,1,0,0
Lang,28,2,normal,1,1,1
Lang,28,3,normal,1,1,1
Lang,28,4,normal,1,1,1
Lang,28,5,normal,0,0,0
Lang,28,1,time,0,0,0
Lang,28,2,time,1,1,1
Lang,28,3,time,1,1,1
Lang,28,4,time,0,0,0
Lang,28,5,time,1,0,0
Lang,28,1,mem,1,1,1
Lang,28,2,mem,0,0,0
Lang,28,3,mem,1,1,1
Lang,28,4,mem,1,1,1
Lang,28,5,mem,0,0,0
Lang,29,1,normal,1,1,1
Lang,29,2,normal,1,1,1
Lang,29,3,normal,1,1,1
Lang,29,4,normal,1,1,1
Lang,29,5,normal,1,1,1
Lang,29,1,time,1,0,0
Lang,29,2,time,1,1,1
Lang,29,3,time,1,1,1
Lang,29,4,time,1,1,1
Lang,29,5,time,1,1,1
Lang,29,1,mem,1,1,1
Lang,29,2,mem,1,1,1
Lang,29,3,mem,1,1,1
Lang,29,4,mem,1,1,1
Lang,29,5,mem,1,1,1
Lang,31,1,normal,1,1,1
Lang,31,2,normal,1,1,1
Lang,31,3,normal,1,1,1
Lang,31,4,normal,1,1,1
Lang,31,5,normal,1,1,1
Lang,31,1,time,1,1,1
Lang,31,2,time,1,1,1
Lang,31,3,time,1,1,1
Lang,31,4,time,1,1,1
Lang,31,5,time,1,1,1
Lang,31,1,mem,1,1,1
Lang,31,2,mem,1,1,1
Lang,31,3,mem,1,1,1
Lang,31,4,mem,1,0,0
Lang,31,5,mem,1,1,1
Lang,33,1,normal,1,1,1
Lang,33,2,normal,1,1,1
Lang,33,3,normal,1,1,1
Lang,33,4,normal,1,1,1
Lang,33,5,normal,1,0,1
Lang,33,1,time,1,1,1
Lang,33,2,time,1,1,1
Lang,33,3,time,1,1,1
Lang,33,4,time,1,1,1
Lang,33,5,time,1,1,1
Lang,33,1,mem,1,1,1
Lang,33,2,mem,1,1,1
Lang,33,3,mem,1,1,1
Lang,33,4,mem,1,1,1
Lang,33,5,mem,1,1,1
Lang,39,1,normal,1,1,1
Lang,39,2,normal,1,1,1
Lang,39,3,normal,1,1,1
Lang,39,4,normal,1,1,1
Lang,39,5,normal,1,1,1
Lang,39,1,time,1,0,0
Lang,39,2,time,0,0,0
Lang,39,3,time,1,0,0
Lang,39,4,time,1,1,1
Lang,39,5,time,0,0,0
Lang,39,1,mem,1,1,1
Lang,39,2,mem,1,1,1
Lang,39,3,mem,1,1,1
Lang,39,4,mem,1,1,1
Lang,39,5,mem,1,1,1
Lang,3,1,normal,1,1,1
Lang,3,2,normal,1,0,1
Lang,3,3,normal,1,0,1
Lang,3,4,normal,1,0,1
Lang,3,5,normal,1,0,0
Lang,3,1,time,1,0,0
Lang,3,2,time,1,0,0
Lang,3,3,time,1,0,0
Lang,3,4,time,1,0,0
Lang,3,5,time,0,0,0
Lang,3,1,mem,0,0,0
Lang,3,2,mem,1,1,1
Lang,3,3,mem,0,0,0
Lang,3,4,mem,0,0,0
Lang,3,5,mem,0,0,0
Lang,40,1,normal,1,0,1
Lang,40,2,normal,1,1,1
Lang,40,3,normal,1,1,1
Lang,40,4,normal,1,1,1
Lang,40,5,normal,0,0,0
Lang,40,1,time,1,0,1
Lang,40,2,time,1,1,1
Lang,40,3,time,1,0,1
Lang,40,4,time,1,1,1
Lang,40,5,time,1,1,1
Lang,40,1,mem,1,1,1
Lang,40,2,mem,1,1,1
Lang,40,3,mem,1,0,1
Lang,40,4,mem,1,0,1
Lang,40,5,mem,1,1,1
Lang,42,1,normal,0,0,0
Lang,42,2,normal,1,1,1
Lang,42,3,normal,1,1,1
Lang,42,4,normal,1,1,1
Lang,42,5,normal,1,1,1
Lang,42,1,time,1,1,1
Lang,42,2,time,1,1,1
Lang,42,3,time,1,1,1
Lang,42,4,time,1,1,1
Lang,42,5,time,1,0,0
Lang,42,1,mem,0,0,0
Lang,42,2,mem,1,1,1
Lang,42,3,mem,1,1,1
Lang,42,4,mem,1,1,1
Lang,42,5,mem,0,0,0
Lang,43,1,normal,1,1,1
Lang,43,2,normal,1,0,1
Lang,43,3,normal,1,1,1
Lang,43,4,normal,1,1,1
Lang,43,5,normal,1,1,1
Lang,43,1,time,1,1,1
Lang,43,2,time,1,1,1
Lang,43,3,time,1,0,1
Lang,43,4,time,1,0,1
Lang,43,5,time,1,1,1
Lang,43,1,mem,1,1,1
Lang,43,2,mem,1,1,1
Lang,43,3,mem,1,0,1
Lang,43,4,mem,1,0,1
Lang,43,5,mem,1,0,1
Lang,44,1,normal,0,0,0
Lang,44,2,normal,1,1,0
Lang,44,3,normal,1,1,1
Lang,44,4,normal,1,1,1
Lang,44,5,normal,1,1,1
Lang,44,1,time,1,1,1
Lang,44,2,time,1,1,0
Lang,44,3,time,1,1,1
Lang,44,4,time,1,1,1
Lang,44,5,time,0,0,0
Lang,44,1,mem,1,1,1
Lang,44,2,mem,1,1,1
Lang,44,3,mem,1,1,1
Lang,44,4,mem,1,1,1
Lang,44,5,mem,1,1,1
Lang,45,1,normal,1,1,1
Lang,45,2,normal,1,1,1
Lang,45,3,normal,1,1,1
Lang,45,4,normal,1,1,1
Lang,45,5,normal,1,1,1
Lang,45,1,time,1,0,0
Lang,45,2,time,1,1,1
Lang,45,3,time,1,1,1
Lang,45,4,time,1,1,1
Lang,45,5,time,1,0,0
Lang,45,1,mem,1,1,1
Lang,45,2,mem,1,1,1
Lang,45,3,mem,1,1,0
Lang,45,4,mem,1,1,1
Lang,45,5,mem,1,1,1
Lang,48,1,normal,0,0,0
Lang,48,2,normal,0,0,0
Lang,48,3,normal,0,0,0
Lang,48,4,normal,0,0,0
Lang,48,5,normal,0,0,0
Lang,48,1,time,0,0,0
Lang,48,2,time,0,0,0
Lang,48,3,time,1,1,1
Lang,48,4,time,0,0,0
Lang,48,5,time,1,0,0
Lang,48,1,mem,0,0,0
Lang,48,2,mem,0,0,0
Lang,48,3,mem,0,0,0
Lang,48,4,mem,0,0,0
Lang,48,5,mem,1,0,1
Lang,49,1,normal,1,1,1
Lang,49,2,normal,1,1,1
Lang,49,3,normal,1,1,1
Lang,49,4,normal,1,1,1
Lang,49,5,normal,1,1,1
Lang,49,1,time,1,1,1
Lang,49,2,time,1,0,0
Lang,49,3,time,1,1,1
Lang,49,4,time,1,1,1
Lang,49,5,time,1,1,1
Lang,49,1,mem,1,0,0
Lang,49,2,mem,1,1,1
Lang,49,3,mem,1,1,1
Lang,49,4,mem,1,0,0
Lang,49,5,mem,1,1,1
Lang,51,1,normal,1,0,0
Lang,51,2,normal,1,0,0
Lang,51,3,normal,1,1,1
Lang,51,4,normal,1,1,1
Lang,51,5,normal,1,1,1
Lang,51,1,time,1,1,1
Lang,51,2,time,1,0,0
Lang,51,3,time,1,1,1
Lang,51,4,time,1,0,0
Lang,51,5,time,1,1,1
Lang,51,1,mem,1,1,1
Lang,51,2,mem,1,0,0
Lang,51,3,mem,1,0,0
Lang,51,4,mem,1,0,0
Lang,51,5,mem,1,1,1
Lang,52,1,normal,1,1,1
Lang,52,2,normal,1,1,1
Lang,52,3,normal,1,1,1
Lang,52,4,normal,1,1,1
Lang,52,5,normal,1,1,1
Lang,52,1,time,1,1,1
Lang,52,2,time,1,1,1
Lang,52,3,time,1,1,1
Lang,52,4,time,1,0,0
Lang,52,5,time,1,1,1
Lang,52,1,mem,1,1,1
Lang,52,2,mem,1,1,1
Lang,52,3,mem,1,1,1
Lang,52,4,mem,1,1,1
Lang,52,5,mem,1,1,1
Lang,54,1,normal,1,0,0
Lang,54,2,normal,1,1,1
Lang,54,3,normal,1,1,1
Lang,54,4,normal,1,1,1
Lang,54,5,normal,1,1,1
Lang,54,1,time,1,0,1
Lang,54,2,time,1,1,0
Lang,54,3,time,1,0,0
Lang,54,4,time,1,0,0
Lang,54,5,time,1,1,1
Lang,54,1,mem,1,1,1
Lang,54,2,mem,1,0,0
Lang,54,3,mem,1,1,1
Lang,54,4,mem,1,0,0
Lang,54,5,mem,1,0,0
Lang,55,1,normal,1,1,1
Lang,55,2,normal,1,0,1
Lang,55,3,normal,1,1,1
Lang,55,4,normal,1,0,1
Lang,55,5,normal,1,1,1
Lang,55,1,time,1,1,1
Lang,55,2,time,1,1,1
Lang,55,3,time,1,1,1
Lang,55,4,time,1,1,1
Lang,55,5,time,1,0,0
Lang,55,1,mem,1,1,1
Lang,55,2,mem,1,0,0
Lang,55,3,mem,1,0,0
Lang,55,4,mem,1,1,1
Lang,55,5,mem,1,0,0
Lang,58,1,normal,1,1,1
Lang,58,2,normal,1,1,1
Lang,58,3,normal,1,1,1
Lang,58,4,normal,1,1,1
Lang,58,5,normal,1,1,1
Lang,58,1,time,1,1,1
Lang,58,2,time,1,1,1
Lang,58,3,time,1,1,1
Lang,58,4,time,1,1,1
Lang,58,5,time,1,1,1
Lang,58,1,mem,0,0,0
Lang,58,2,mem,1,1,1
Lang,58,3,mem,1,1,1
Lang,58,4,mem,0,0,0
Lang,58,5,mem,1,1,1
Lang,59,1,normal,1,0,0
Lang,59,2,normal,1,1,1
Lang,59,3,normal,1,0,0
Lang,59,4,normal,1,1,1
Lang,59,5,normal,1,0,0
Lang,59,1,time,0,0,0
Lang,59,2,time,1,1,1
Lang,59,3,time,1,1,1
Lang,59,4,time,1,1,1
Lang,59,5,time,0,0,0
Lang,59,1,mem,1,0,0
Lang,59,2,mem,0,0,0
Lang,59,3,mem,1,1,1
Lang,59,4,mem,0,0,0
Lang,59,5,mem,1,1,1
Lang,61,1,normal,0,0,0
Lang,61,2,normal,1,1,1
Lang,61,3,normal,1,1,1
Lang,61,4,normal,1,1,1
Lang,61,5,normal,1,1,1
Lang,61,1,time,1,1,1
Lang,61,2,time,0,0,0
Lang,61,3,time,1,1,1
Lang,61,4,time,1,1,1
Lang,61,5,time,1,1,1
Lang,61,1,mem,0,0,0
Lang,61,2,mem,1,1,1
Lang,61,3,mem,1,1,1
Lang,61,4,mem,1,1,1
Lang,61,5,mem,1,1,1
Lang,6,1,normal,1,1,1
Lang,6,2,normal,1,0,1
Lang,6,3,normal,1,0,1
Lang,6,4,normal,1,1,1
Lang,6,5,normal,1,1,1
Lang,6,1,time,1,0,1
Lang,6,2,time,1,0,1
Lang,6,3,time,1,1,1
Lang,6,4,time,1,0,1
Lang,6,5,time,1,0,1
Lang,6,1,mem,1,1,1
Lang,6,2,mem,1,0,1
Lang,6,3,mem,1,1,1
Lang,6,4,mem,1,1,1
Lang,6,5,mem,1,0,1
Lang,9,1,normal,0,0,0
Lang,9,2,normal,0,0,0
Lang,9,3,normal,0,0,0
Lang,9,4,normal,1,1,1
Lang,9,5,normal,0,0,0
Lang,9,1,time,0,0,0
Lang,9,2,time,0,0,0
Lang,9,3,time,0,0,0
Lang,9,4,time,0,0,0
Lang,9,5,time,1,0,0
Lang,9,1,mem,0,0,0
Lang,9,2,mem,0,0,0
Lang,9,3,mem,0,0,0
Lang,9,4,mem,0,0,0
Lang,9,5,mem,1,0,0
