pid,vid,sid,mode,compile,dev_test,reg_test,dev_len,llm_len
Chart,10,1,normal,1,1,1,128,345
Chart,10,2,normal,1,1,1,128,128
Chart,10,3,normal,1,1,1,128,270
Chart,10,4,normal,1,1,1,128,172
Chart,10,5,normal,1,1,1,128,172
Chart,10,1,time,1,1,1,128,306
Chart,10,2,time,1,1,1,128,204
Chart,10,3,time,1,1,1,128,420
Chart,10,4,time,1,1,1,128,284
Chart,10,5,time,1,1,1,128,210
Chart,10,1,mem,1,1,1,128,210
Chart,10,2,mem,1,1,1,128,210
Chart,10,3,mem,1,1,1,128,242
Chart,10,4,mem,1,1,1,128,201
Chart,10,5,mem,1,1,1,128,210
Chart,11,1,normal,1,1,1,663,735
Chart,11,2,normal,1,1,1,663,732
Chart,11,3,normal,1,1,1,663,750
Chart,11,4,normal,1,1,0,663,661
Chart,11,5,normal,1,1,1,663,647
Chart,11,1,time,1,1,1,663,663
Chart,11,2,time,1,0,0,663,681
Chart,11,3,time,1,1,0,663,604
Chart,11,4,time,0,0,0,663,540
Chart,11,5,time,1,1,1,663,663
Chart,11,1,mem,1,1,0,663,665
Chart,11,2,mem,1,1,0,663,564
Chart,11,3,mem,1,1,1,663,631
Chart,11,4,mem,1,0,0,663,740
Chart,11,5,mem,1,1,0,663,608
Chart,12,1,normal,0,0,0,526,528
Chart,12,2,normal,1,1,1,526,540
Chart,12,3,normal,0,0,0,526,528
Chart,12,4,normal,1,1,1,526,652
Chart,12,5,normal,0,0,0,526,528
Chart,12,1,time,1,0,1,526,527
Chart,12,2,time,0,0,0,526,531
Chart,12,3,time,1,1,1,526,680
Chart,12,4,time,0,0,0,526,561
Chart,12,5,time,1,1,1,526,508
Chart,12,1,mem,1,1,1,526,486
Chart,12,2,mem,0,0,0,526,706
Chart,12,3,mem,0,0,0,526,528
Chart,12,4,mem,1,1,1,526,503
Chart,12,5,mem,1,0,1,526,527
Chart,1,1,normal,1,1,0,638,665
Chart,1,2,normal,1,1,0,638,638
Chart,1,3,normal,0,0,0,638,707
Chart,1,4,normal,0,0,0,638,701
Chart,1,5,normal,1,1,0,638,636
Chart,1,1,time,1,1,0,638,638
Chart,1,2,time,1,1,0,638,665
Chart,1,3,time,1,1,0,638,667
Chart,1,4,time,1,1,0,638,434
Chart,1,5,time,1,1,0,638,670
Chart,1,1,mem,0,0,0,638,598
Chart,1,2,mem,1,1,0,638,612
Chart,1,3,mem,1,1,0,638,627
Chart,1,4,mem,1,1,0,638,625
Chart,1,5,mem,1,1,0,638,627
Chart,20,1,normal,1,1,1,175,467
Chart,20,2,normal,1,1,1,175,183
Chart,20,3,normal,1,1,1,175,484
Chart,20,4,normal,1,1,1,175,175
Chart,20,5,normal,1,1,1,175,527
Chart,20,1,time,1,1,1,175,567
Chart,20,2,time,1,1,1,175,175
Chart,20,3,time,1,1,1,175,440
Chart,20,4,time,1,1,1,175,234
Chart,20,5,time,1,1,1,175,234
Chart,20,1,mem,0,0,0,175,210
Chart,20,2,mem,1,1,1,175,391
Chart,20,3,mem,1,1,1,175,390
Chart,20,4,mem,1,1,1,175,379
Chart,20,5,mem,1,1,1,175,175
Chart,23,1,normal,1,1,0,241,373
Chart,23,2,normal,1,0,1,241,392
Chart,23,3,normal,1,1,0,241,533
Chart,23,4,normal,1,0,1,241,241
Chart,23,5,normal,1,1,0,241,373
Chart,23,1,time,0,0,0,241,363
Chart,23,2,time,1,0,1,241,225
Chart,23,3,time,1,0,1,241,226
Chart,23,4,time,1,0,1,241,410
Chart,23,5,time,1,0,1,241,539
Chart,23,1,mem,1,0,1,241,225
Chart,23,2,mem,0,0,0,241,375
Chart,23,3,mem,1,1,0,241,304
Chart,23,4,mem,1,0,1,241,225
Chart,23,5,mem,1,0,1,241,398
Chart,24,1,normal,1,1,1,198,249
Chart,24,2,normal,1,1,1,198,274
Chart,24,3,normal,1,1,1,198,274
Chart,24,4,normal,1,1,1,198,249
Chart,24,5,normal,1,1,1,198,198
Chart,24,1,time,1,1,1,198,194
Chart,24,2,time,1,1,1,198,220
Chart,24,3,time,1,1,1,198,255
Chart,24,4,time,1,1,1,198,198
Chart,24,5,time,1,1,1,198,224
Chart,24,1,mem,1,1,1,198,310
Chart,24,2,mem,1,1,1,198,228
Chart,24,3,mem,1,1,1,198,231
Chart,24,4,mem,0,0,0,198,253
Chart,24,5,mem,1,1,1,198,194
Chart,3,1,normal,0,0,0,595,609
Chart,3,2,normal,1,0,0,595,574
Chart,3,3,normal,0,0,0,595,594
Chart,3,4,normal,0,0,0,595,571
Chart,3,5,normal,0,0,0,595,599
Chart,3,1,time,0,0,0,595,482
Chart,3,2,time,0,0,0,595,1072
Chart,3,3,time,0,0,0,595,539
Chart,3,4,time,0,0,0,595,660
Chart,3,5,time,0,0,0,595,367
Chart,3,1,mem,1,0,0,595,520
Chart,3,2,mem,0,0,0,595,292
Chart,3,3,mem,0,0,0,595,576
Chart,3,4,mem,0,0,0,595,619
Chart,3,5,mem,0,0,0,595,449
Chart,6,1,normal,1,1,1,261,258
Chart,6,2,normal,0,0,0,261,363
Chart,6,3,normal,1,1,1,261,300
Chart,6,4,normal,1,1,1,261,261
Chart,6,5,normal,1,1,1,261,338
Chart,6,1,time,1,0,1,261,370
Chart,6,2,time,1,1,1,261,338
Chart,6,3,time,1,1,1,261,327
Chart,6,4,time,1,1,1,261,277
Chart,6,5,time,1,1,1,261,300
Chart,6,1,mem,1,1,1,261,350
Chart,6,2,mem,1,0,0,261,292
Chart,6,3,mem,1,1,1,261,390
Chart,6,4,mem,1,1,1,261,311
Chart,6,5,mem,1,1,1,261,407
Chart,7,1,normal,1,1,1,1397,837
Chart,7,2,normal,0,0,0,1397,1127
Chart,7,3,normal,1,0,0,1397,1301
Chart,7,4,normal,1,0,0,1397,913
Chart,7,5,normal,1,1,1,1397,1397
Chart,7,1,time,0,0,0,1397,1949
Chart,7,2,time,1,1,1,1397,1665
Chart,7,3,time,1,1,1,1397,1399
Chart,7,4,time,1,1,1,1397,1166
Chart,7,5,time,0,0,0,1397,1653
Chart,7,1,mem,0,0,0,1397,1037
Chart,7,2,mem,1,1,1,1397,1489
Chart,7,3,mem,1,1,1,1397,1601
Chart,7,4,mem,1,1,1,1397,1525
Chart,7,5,mem,1,1,1,1397,1995
Chart,8,1,normal,0,0,0,97,1139
Chart,8,2,normal,0,0,0,97,1139
Chart,8,3,normal,1,1,1,97,71
Chart,8,4,normal,1,1,1,97,71
Chart,8,5,normal,0,0,0,97,1139
Chart,8,1,time,1,1,1,97,71
Chart,8,2,time,0,0,0,97,163
Chart,8,3,time,1,1,1,97,71
Chart,8,4,time,1,1,1,97,71
Chart,8,5,time,1,1,1,97,71
Chart,8,1,mem,0,0,0,97,52
Chart,8,2,mem,0,0,0,97,266
Chart,8,3,mem,1,1,1,97,71
Chart,8,4,mem,0,0,0,97,1139
Chart,8,5,mem,0,0,0,97,187
Compress,12,1,normal,0,0,0,1408,1424
Compress,12,2,normal,0,0,0,1408,1341
Compress,12,3,normal,1,1,1,1408,1440
Compress,12,4,normal,1,1,1,1408,1475
Compress,12,5,normal,1,1,1,1408,1408
Compress,12,1,time,1,1,1,1408,1374
Compress,12,2,time,1,1,1,1408,1406
Compress,12,3,time,0,0,0,1408,1490
Compress,12,4,time,1,1,1,1408,1475
Compress,12,5,time,1,1,1,1408,1406
Compress,12,1,mem,0,0,0,1408,1123
Compress,12,2,mem,0,0,0,1408,1377
Compress,12,3,mem,1,1,1,1408,1416
Compress,12,4,mem,1,1,1,1408,1474
Compress,12,5,mem,0,0,0,1408,1380
Compress,13,1,normal,1,1,1,145,164
Compress,13,2,normal,1,1,1,145,143
Compress,13,3,normal,1,1,1,145,143
Compress,13,4,normal,1,1,1,145,456
Compress,13,5,normal,1,0,1,145,149
Compress,13,1,time,1,1,1,145,250
Compress,13,2,time,1,1,1,145,296
Compress,13,3,time,1,1,1,145,122
Compress,13,4,time,1,1,1,145,174
Compress,13,5,time,1,1,1,145,143
Compress,13,1,mem,1,1,1,145,280
Compress,13,2,mem,1,1,1,145,143
Compress,13,3,mem,1,1,1,145,401
Compress,13,4,mem,1,1,1,145,233
Compress,13,5,mem,1,1,1,145,261
Compress,14,1,normal,1,1,1,905,905
Compress,14,2,normal,1,1,1,905,905
Compress,14,3,normal,1,1,1,905,905
Compress,14,4,normal,1,1,1,905,919
Compress,14,5,normal,1,0,0,905,338
Compress,14,1,time,1,1,1,905,863
Compress,14,2,time,1,1,1,905,835
Compress,14,3,time,1,1,1,905,896
Compress,14,4,time,1,1,1,905,752
Compress,14,5,time,1,1,1,905,853
Compress,14,1,mem,1,1,1,905,905
Compress,14,2,mem,1,1,1,905,828
Compress,14,3,mem,1,1,1,905,868
Compress,14,4,mem,1,0,0,905,906
Compress,14,5,mem,1,0,0,905,853
Compress,15,1,normal,1,0,0,974,1119
Compress,15,2,normal,1,1,1,974,954
Compress,15,3,normal,1,1,1,974,974
Compress,15,4,normal,1,1,0,974,671
Compress,15,5,normal,1,1,1,974,974
Compress,15,1,time,1,0,0,974,978
Compress,15,2,time,1,1,1,974,1169
Compress,15,3,time,1,0,0,974,1079
Compress,15,4,time,1,1,1,974,991
Compress,15,5,time,1,0,0,974,978
Compress,15,1,mem,1,1,1,974,923
Compress,15,2,mem,1,0,0,974,908
Compress,15,3,mem,1,0,0,974,953
Compress,15,4,mem,0,0,0,974,950
Compress,15,5,mem,0,0,0,974,801
Compress,16,1,normal,0,0,0,1810,1793
Compress,16,2,normal,1,0,1,1810,1726
Compress,16,3,normal,0,0,0,1810,1834
Compress,16,4,normal,1,1,1,1810,1732
Compress,16,5,normal,1,0,1,1810,1754
Compress,16,1,time,0,0,0,1810,1735
Compress,16,2,time,0,0,0,1810,1802
Compress,16,3,time,0,0,0,1810,1809
Compress,16,4,time,0,0,0,1810,1755
Compress,16,5,time,0,0,0,1810,1817
Compress,16,1,mem,0,0,0,1810,1652
Compress,16,2,mem,0,0,0,1810,2010
Compress,16,3,mem,0,0,0,1810,1809
Compress,16,4,mem,0,0,0,1810,1750
Compress,16,5,mem,0,0,0,1810,1752
Compress,17,1,normal,1,1,1,947,947
Compress,17,2,normal,1,1,1,947,880
Compress,17,3,normal,1,1,1,947,872
Compress,17,4,normal,1,0,0,947,711
Compress,17,5,normal,1,1,1,947,955
Compress,17,1,time,1,0,1,947,810
Compress,17,2,time,1,1,1,947,872
Compress,17,3,time,1,1,1,947,734
Compress,17,4,time,1,1,1,947,870
Compress,17,5,time,1,1,1,947,874
Compress,17,1,mem,1,0,0,947,974
Compress,17,2,mem,1,1,1,947,915
Compress,17,3,mem,1,1,1,947,955
Compress,17,4,mem,1,1,1,947,830
Compress,17,5,mem,1,0,0,947,887
Compress,18,1,normal,1,1,1,1195,948
Compress,18,2,normal,1,1,1,1195,1072
Compress,18,3,normal,1,1,1,1195,905
Compress,18,4,normal,1,1,1,1195,1112
Compress,18,5,normal,1,1,1,1195,985
Compress,18,1,time,1,1,1,1195,991
Compress,18,2,time,1,1,1,1195,1248
Compress,18,3,time,1,1,1,1195,1000
Compress,18,4,time,0,0,0,1195,1089
Compress,18,5,time,1,1,1,1195,1184
Compress,18,1,mem,0,0,0,1195,1009
Compress,18,2,mem,0,0,0,1195,991
Compress,18,3,mem,1,1,1,1195,1180
Compress,18,4,mem,0,0,0,1195,977
Compress,18,5,mem,0,0,0,1195,1066
Compress,19,1,normal,1,1,1,993,993
Compress,19,2,normal,1,1,1,993,993
Compress,19,3,normal,1,1,1,993,917
Compress,19,4,normal,1,1,1,993,917
Compress,19,5,normal,1,1,1,993,993
Compress,19,1,time,1,0,0,993,998
Compress,19,2,time,1,0,0,993,829
Compress,19,3,time,1,1,1,993,999
Compress,19,4,time,0,0,0,993,983
Compress,19,5,time,1,1,1,993,924
Compress,19,1,mem,1,1,1,993,993
Compress,19,2,mem,1,1,1,993,964
Compress,19,3,mem,1,1,1,993,996
Compress,19,4,mem,1,1,1,993,1260
Compress,19,5,mem,1,1,1,993,993
Compress,1,1,normal,1,1,1,99,99
Compress,1,2,normal,0,0,0,99,100
Compress,1,3,normal,0,0,0,99,1472
Compress,1,4,normal,1,1,1,99,99
Compress,1,5,normal,1,1,1,99,94
Compress,1,1,time,1,1,1,99,162
Compress,1,2,time,1,1,0,99,145
Compress,1,3,time,1,1,1,99,162
Compress,1,4,time,1,1,0,99,76
Compress,1,5,time,1,0,0,99,93
Compress,1,1,mem,1,1,1,99,113
Compress,1,2,mem,1,1,1,99,84
Compress,1,3,mem,1,0,0,99,91
Compress,1,4,mem,1,1,1,99,84
Compress,1,5,mem,0,0,0,99,312
Compress,21,1,normal,1,1,1,260,381
Compress,21,2,normal,1,1,1,260,266
Compress,21,3,normal,1,1,1,260,259
Compress,21,4,normal,1,0,0,260,267
Compress,21,5,normal,1,1,1,260,259
Compress,21,1,time,1,1,1,260,294
Compress,21,2,time,1,1,1,260,260
Compress,21,3,time,1,1,1,260,259
Compress,21,4,time,1,0,0,260,229
Compress,21,5,time,1,1,1,260,267
Compress,21,1,mem,1,1,1,260,273
Compress,21,2,mem,1,1,1,260,269
Compress,21,3,mem,1,0,0,260,328
Compress,21,4,mem,1,1,1,260,260
Compress,21,5,mem,1,0,0,260,292
Compress,23,1,normal,1,1,1,390,396
Compress,23,2,normal,1,1,1,390,372
Compress,23,3,normal,1,1,1,390,374
Compress,23,4,normal,1,1,1,390,374
Compress,23,5,normal,1,1,1,390,396
Compress,23,1,time,1,1,1,390,431
Compress,23,2,time,1,1,1,390,393
Compress,23,3,time,1,1,1,390,426
Compress,23,4,time,1,1,1,390,453
Compress,23,5,time,1,1,1,390,417
Compress,23,1,mem,1,1,1,390,408
Compress,23,2,mem,1,1,1,390,371
Compress,23,3,mem,1,1,1,390,372
Compress,23,4,mem,1,1,1,390,372
Compress,23,5,mem,1,1,1,390,431
Compress,24,1,normal,1,1,1,980,725
Compress,24,2,normal,1,1,1,980,964
Compress,24,3,normal,1,1,1,980,964
Compress,24,4,normal,1,1,1,980,911
Compress,24,5,normal,1,1,1,980,720
Compress,24,1,time,1,1,1,980,964
Compress,24,2,time,1,1,1,980,739
Compress,24,3,time,1,1,1,980,798
Compress,24,4,time,1,1,1,980,969
Compress,24,5,time,0,0,0,980,959
Compress,24,1,mem,1,1,1,980,979
Compress,24,2,mem,1,1,1,980,682
Compress,24,3,mem,1,1,1,980,744
Compress,24,4,mem,1,1,1,980,934
Compress,24,5,mem,1,1,1,980,964
Compress,25,1,normal,1,1,1,417,456
Compress,25,2,normal,1,1,1,417,391
Compress,25,3,normal,1,1,1,417,391
Compress,25,4,normal,1,1,1,417,391
Compress,25,5,normal,1,1,1,417,451
Compress,25,1,time,1,1,1,417,439
Compress,25,2,time,1,1,1,417,418
Compress,25,3,time,1,1,1,417,403
Compress,25,4,time,1,1,1,417,391
Compress,25,5,time,1,1,1,417,391
Compress,25,1,mem,1,1,1,417,312
Compress,25,2,mem,1,1,1,417,650
Compress,25,3,mem,1,1,1,417,396
Compress,25,4,mem,0,0,0,417,404
Compress,25,5,mem,1,1,1,417,439
Compress,26,1,normal,1,1,1,398,381
Compress,26,2,normal,1,1,1,398,398
Compress,26,3,normal,1,1,1,398,393
Compress,26,4,normal,0,0,0,398,420
Compress,26,5,normal,1,1,1,398,398
Compress,26,1,time,0,0,0,398,419
Compress,26,2,time,1,1,1,398,459
Compress,26,3,time,1,1,1,398,422
Compress,26,4,time,1,1,1,398,405
Compress,26,5,time,1,1,1,398,393
Compress,26,1,mem,1,1,1,398,376
Compress,26,2,mem,1,0,1,398,352
Compress,26,3,mem,1,1,1,398,406
Compress,26,4,mem,1,1,1,398,429
Compress,26,5,mem,1,1,1,398,399
Compress,27,1,normal,1,0,1,877,848
Compress,27,2,normal,1,0,0,877,883
Compress,27,3,normal,1,1,1,877,675
Compress,27,4,normal,1,1,1,877,876
Compress,27,5,normal,1,0,0,877,832
Compress,27,1,time,1,0,0,877,857
Compress,27,2,time,1,1,0,877,653
Compress,27,3,time,1,1,1,877,808
Compress,27,4,time,1,1,1,877,690
Compress,27,5,time,1,1,1,877,672
Compress,27,1,mem,1,1,1,877,685
Compress,27,2,mem,1,0,0,877,969
Compress,27,3,mem,1,0,1,877,832
Compress,27,4,mem,1,1,1,877,855
Compress,27,5,mem,1,1,1,877,862
Compress,28,1,normal,1,1,1,448,467
Compress,28,2,normal,1,1,1,448,463
Compress,28,3,normal,1,1,1,448,483
Compress,28,4,normal,1,1,1,448,467
Compress,28,5,normal,1,1,1,448,451
Compress,28,1,time,1,0,1,448,412
Compress,28,2,time,1,1,1,448,451
Compress,28,3,time,1,1,1,448,451
Compress,28,4,time,1,1,1,448,453
Compress,28,5,time,1,1,1,448,451
Compress,28,1,mem,1,1,1,448,463
Compress,28,2,mem,1,1,1,448,454
Compress,28,3,mem,1,1,1,448,454
Compress,28,4,mem,1,1,1,448,446
Compress,28,5,mem,1,1,1,448,451
Compress,30,1,normal,1,1,1,573,579
Compress,30,2,normal,1,1,1,573,619
Compress,30,3,normal,1,1,1,573,573
Compress,30,4,normal,1,1,1,573,579
Compress,30,5,normal,1,1,1,573,573
Compress,30,1,time,1,1,1,573,620
Compress,30,2,time,1,1,1,573,588
Compress,30,3,time,1,1,1,573,566
Compress,30,4,time,1,1,1,573,371
Compress,30,5,time,1,1,1,573,573
Compress,30,1,mem,1,1,1,573,573
Compress,30,2,mem,1,1,1,573,573
Compress,30,3,mem,1,1,1,573,701
Compress,30,4,mem,1,1,1,573,566
Compress,30,5,mem,1,1,1,573,573
Compress,31,1,normal,1,1,1,877,627
Compress,31,2,normal,1,1,1,877,866
Compress,31,3,normal,1,0,1,877,846
Compress,31,4,normal,1,1,1,877,866
Compress,31,5,normal,1,0,1,877,851
Compress,31,1,time,1,0,1,877,643
Compress,31,2,time,1,0,0,877,760
Compress,31,3,time,1,0,1,877,658
Compress,31,4,time,1,0,1,877,841
Compress,31,5,time,1,0,1,877,622
Compress,31,1,mem,1,1,1,877,622
Compress,31,2,mem,1,0,1,877,830
Compress,31,3,mem,1,0,0,877,533
Compress,31,4,mem,1,0,0,877,688
Compress,31,5,mem,1,1,1,877,871
Compress,32,1,normal,1,1,1,1070,811
Compress,32,2,normal,1,1,1,1070,1070
Compress,32,3,normal,1,1,1,1070,845
Compress,32,4,normal,1,1,1,1070,1074
Compress,32,5,normal,0,0,0,1070,991
Compress,32,1,time,0,0,0,1070,1042
Compress,32,2,time,1,0,1,1070,843
Compress,32,3,time,0,0,0,1070,797
Compress,32,4,time,0,0,0,1070,807
Compress,32,5,time,0,0,0,1070,977
Compress,32,1,mem,1,0,1,1070,843
Compress,32,2,mem,1,1,1,1070,1131
Compress,32,3,mem,0,0,0,1070,797
Compress,32,4,mem,0,0,0,1070,1310
Compress,32,5,mem,0,0,0,1070,769
Compress,36,1,normal,1,0,1,621,622
Compress,36,2,normal,1,0,1,621,440
Compress,36,3,normal,1,1,1,621,481
Compress,36,4,normal,1,1,1,621,665
Compress,36,5,normal,1,1,1,621,432
Compress,36,1,time,1,1,1,621,621
Compress,36,2,time,1,0,1,621,665
Compress,36,3,time,1,0,1,621,545
Compress,36,4,time,1,0,1,621,486
Compress,36,5,time,1,1,1,621,486
Compress,36,1,mem,1,0,1,621,667
Compress,36,2,mem,1,0,1,621,591
Compress,36,3,mem,0,0,0,621,603
Compress,36,4,mem,1,1,1,621,504
Compress,36,5,mem,1,0,1,621,538
Compress,37,1,normal,0,0,0,1005,955
Compress,37,2,normal,0,0,0,1005,1000
Compress,37,3,normal,0,0,0,1005,843
Compress,37,4,normal,1,1,1,1005,1005
Compress,37,5,normal,0,0,0,1005,955
Compress,37,1,time,0,0,0,1005,969
Compress,37,2,time,0,0,0,1005,1020
Compress,37,3,time,0,0,0,1005,994
Compress,37,4,time,0,0,0,1005,920
Compress,37,5,time,0,0,0,1005,902
Compress,37,1,mem,0,0,0,1005,950
Compress,37,2,mem,0,0,0,1005,883
Compress,37,3,mem,0,0,0,1005,957
Compress,37,4,mem,0,0,0,1005,766
Compress,37,5,mem,1,0,1,1005,1101
Compress,38,1,normal,1,1,1,201,207
Compress,38,2,normal,1,1,1,201,179
Compress,38,3,normal,1,1,1,201,223
Compress,38,4,normal,1,1,1,201,200
Compress,38,5,normal,1,1,1,201,166
Compress,38,1,time,1,1,0,201,123
Compress,38,2,time,1,1,1,201,201
Compress,38,3,time,1,1,1,201,226
Compress,38,4,time,1,0,0,201,167
Compress,38,5,time,1,1,1,201,205
Compress,38,1,mem,1,0,0,201,192
Compress,38,2,mem,1,0,0,201,215
Compress,38,3,mem,0,0,0,201,168
Compress,38,4,mem,1,1,1,201,333
Compress,38,5,mem,1,0,1,201,156
Compress,41,1,normal,0,0,0,2798,2625
Compress,41,2,normal,1,1,1,2798,2802
Compress,41,3,normal,1,1,1,2798,2802
Compress,41,4,normal,1,1,1,2798,2802
Compress,41,5,normal,1,1,1,2798,2802
Compress,41,1,time,1,0,1,2798,2773
Compress,41,2,time,1,1,1,2798,2662
Compress,41,3,time,1,0,1,2798,2791
Compress,41,4,time,1,1,1,2798,2802
Compress,41,5,time,1,0,1,2798,2651
Compress,41,1,mem,1,1,1,2798,2830
Compress,41,2,mem,1,1,1,2798,2626
Compress,41,3,mem,0,0,0,2798,2782
Compress,41,4,mem,1,1,1,2798,2527
Compress,41,5,mem,1,0,1,2798,2791
Compress,44,1,normal,0,0,0,268,234
Compress,44,2,normal,1,1,1,268,213
Compress,44,3,normal,1,1,1,268,268
Compress,44,4,normal,0,0,0,268,234
Compress,44,5,normal,0,0,0,268,234
Compress,44,1,time,0,0,0,268,234
Compress,44,2,time,0,0,0,268,234
Compress,44,3,time,0,0,0,268,234
Compress,44,4,time,0,0,0,268,234
Compress,44,5,time,0,0,0,268,234
Compress,44,1,mem,0,0,0,268,234
Compress,44,2,mem,0,0,0,268,234
Compress,44,3,mem,0,0,0,268,225
Compress,44,4,mem,0,0,0,268,234
Compress,44,5,mem,0,0,0,268,234
Compress,45,1,normal,1,1,1,575,504
Compress,45,2,normal,1,1,1,575,531
Compress,45,3,normal,1,1,1,575,575
Compress,45,4,normal,1,1,1,575,527
Compress,45,5,normal,1,1,1,575,508
Compress,45,1,time,0,0,0,575,1163
Compress,45,2,time,1,1,1,575,508
Compress,45,3,time,1,0,0,575,450
Compress,45,4,time,1,0,0,575,445
Compress,45,5,time,1,0,0,575,296
Compress,45,1,mem,1,1,1,575,543
Compress,45,2,mem,1,1,1,575,575
Compress,45,3,mem,1,1,1,575,562
Compress,45,4,mem,1,1,1,575,575
Compress,45,5,mem,1,1,1,575,579
Compress,46,1,normal,1,1,1,195,253
Compress,46,2,normal,1,1,1,195,195
Compress,46,3,normal,1,1,1,195,251
Compress,46,4,normal,1,0,0,195,173
Compress,46,5,normal,1,1,1,195,289
Compress,46,1,time,1,1,1,195,282
Compress,46,2,time,1,1,1,195,196
Compress,46,3,time,1,1,1,195,196
Compress,46,4,time,1,1,1,195,293
Compress,46,5,time,1,0,0,195,193
Compress,46,1,mem,1,1,1,195,180
Compress,46,2,mem,1,1,1,195,180
Compress,46,3,mem,1,1,1,195,200
Compress,46,4,mem,1,0,0,195,227
Compress,46,5,mem,1,1,1,195,180
Compress,5,1,normal,1,1,1,1259,1259
Compress,5,2,normal,1,1,1,1259,1259
Compress,5,3,normal,1,1,1,1259,1259
Compress,5,4,normal,1,1,1,1259,1259
Compress,5,5,normal,1,1,1,1259,1259
Compress,5,1,time,1,1,1,1259,1230
Compress,5,2,time,1,1,1,1259,1275
Compress,5,3,time,0,0,0,1259,1264
Compress,5,4,time,1,1,1,1259,1261
Compress,5,5,time,1,0,1,1259,1161
Compress,5,1,mem,1,0,1,1259,1216
Compress,5,2,mem,1,1,1,1259,1239
Compress,5,3,mem,1,1,1,1259,1267
Compress,5,4,mem,1,1,1,1259,1217
Compress,5,5,mem,1,1,1,1259,1226
Compress,7,1,normal,1,1,1,289,280
Compress,7,2,normal,1,1,1,289,274
Compress,7,3,normal,1,1,1,289,299
Compress,7,4,normal,0,0,0,289,312
Compress,7,5,normal,1,1,1,289,308
Compress,7,1,time,0,0,0,289,244
Compress,7,2,time,1,1,1,289,291
Compress,7,3,time,0,0,0,289,406
Compress,7,4,time,1,1,1,289,291
Compress,7,5,time,1,1,1,289,277
Compress,7,1,mem,1,1,1,289,295
Compress,7,2,mem,1,1,1,289,291
Compress,7,3,mem,0,0,0,289,244
Compress,7,4,mem,1,1,1,289,321
Compress,7,5,mem,1,1,1,289,281
Compress,8,1,normal,1,1,1,978,797
Compress,8,2,normal,1,1,1,978,802
Compress,8,3,normal,1,0,0,978,802
Compress,8,4,normal,1,1,1,978,808
Compress,8,5,normal,1,1,1,978,834
Compress,8,1,time,1,1,1,978,807
Compress,8,2,time,1,0,0,978,807
Compress,8,3,time,1,0,0,978,752
Compress,8,4,time,1,0,1,978,847
Compress,8,5,time,1,1,1,978,825
Compress,8,1,mem,1,1,1,978,819
Compress,8,2,mem,0,0,0,978,1036
Compress,8,3,mem,1,0,0,978,691
Compress,8,4,mem,1,0,1,978,903
Compress,8,5,mem,1,0,1,978,936
Csv,10,1,normal,1,1,1,414,274
Csv,10,2,normal,1,1,1,414,269
Csv,10,3,normal,1,1,1,414,274
Csv,10,4,normal,1,1,1,414,349
Csv,10,5,normal,1,1,1,414,284
Csv,10,1,time,1,1,1,414,347
Csv,10,2,time,1,1,1,414,349
Csv,10,3,time,1,1,1,414,349
Csv,10,4,time,1,1,1,414,326
Csv,10,5,time,1,1,1,414,274
Csv,10,1,mem,1,1,1,414,274
Csv,10,2,mem,1,1,1,414,322
Csv,10,3,mem,1,1,1,414,416
Csv,10,4,mem,1,1,1,414,343
Csv,10,5,mem,0,0,0,414,495
Csv,11,1,normal,1,0,1,988,989
Csv,11,2,normal,0,0,0,988,931
Csv,11,3,normal,0,0,0,988,941
Csv,11,4,normal,1,1,1,988,988
Csv,11,5,normal,0,0,0,988,942
Csv,11,1,time,1,1,1,988,943
Csv,11,2,time,1,1,1,988,950
Csv,11,3,time,1,1,1,988,991
Csv,11,4,time,0,0,0,988,959
Csv,11,5,time,0,0,0,988,975
Csv,11,1,mem,0,0,0,988,950
Csv,11,2,mem,0,0,0,988,1019
Csv,11,3,mem,0,0,0,988,1042
Csv,11,4,mem,0,0,0,988,812
Csv,11,5,mem,0,0,0,988,910
Csv,12,1,normal,0,0,0,255,432
Csv,12,2,normal,0,0,0,255,404
Csv,12,3,normal,0,0,0,255,102
Csv,12,4,normal,0,0,0,255,102
Csv,12,5,normal,0,0,0,255,112
Csv,12,1,time,1,1,1,255,255
Csv,12,2,time,0,0,0,255,152
Csv,12,3,time,0,0,0,255,148
Csv,12,4,time,0,0,0,255,370
Csv,12,5,time,0,0,0,255,102
Csv,12,1,mem,0,0,0,255,269
Csv,12,2,mem,0,0,0,255,102
Csv,12,3,mem,0,0,0,255,102
Csv,12,4,mem,0,0,0,255,166
Csv,12,5,mem,0,0,0,255,138
Csv,14,1,normal,1,0,0,2240,2145
Csv,14,2,normal,1,1,1,2240,2244
Csv,14,3,normal,1,1,1,2240,2244
Csv,14,4,normal,1,1,1,2240,2248
Csv,14,5,normal,1,1,1,2240,2244
Csv,14,1,time,1,1,1,2240,2244
Csv,14,2,time,1,1,1,2240,2288
Csv,14,3,time,1,1,1,2240,1353
Csv,14,4,time,1,1,1,2240,2200
Csv,14,5,time,1,1,1,2240,2231
Csv,14,1,mem,1,0,0,2240,1383
Csv,14,2,mem,1,1,1,2240,1555
Csv,14,3,mem,1,0,0,2240,1852
Csv,14,4,mem,1,0,0,2240,2236
Csv,14,5,mem,1,0,0,2240,2232
Csv,15,1,normal,1,1,1,2099,1227
Csv,15,2,normal,1,1,1,2099,1255
Csv,15,3,normal,1,1,1,2099,2004
Csv,15,4,normal,1,1,1,2099,2099
Csv,15,5,normal,1,0,1,2099,1354
Csv,15,1,time,1,0,1,2099,1850
Csv,15,2,time,1,0,1,2099,916
Csv,15,3,time,1,1,1,2099,2107
Csv,15,4,time,1,1,1,2099,2157
Csv,15,5,time,1,0,0,2099,1828
Csv,15,1,mem,1,0,1,2099,1854
Csv,15,2,mem,1,0,1,2099,1974
Csv,15,3,mem,1,1,1,2099,2052
Csv,15,4,mem,1,1,1,2099,2125
Csv,15,5,mem,1,1,1,2099,1930
Csv,1,1,normal,1,1,1,165,164
Csv,1,2,normal,1,1,1,165,164
Csv,1,3,normal,1,1,1,165,192
Csv,1,4,normal,1,1,1,165,164
Csv,1,5,normal,1,1,1,165,164
Csv,1,1,time,1,1,1,165,185
Csv,1,2,time,1,1,1,165,185
Csv,1,3,time,1,1,1,165,185
Csv,1,4,time,1,1,1,165,189
Csv,1,5,time,1,0,1,165,147
Csv,1,1,mem,1,1,1,165,189
Csv,1,2,mem,1,1,1,165,165
Csv,1,3,mem,1,0,1,165,165
Csv,1,4,mem,1,1,1,165,185
Csv,1,5,mem,1,1,1,165,185
Csv,2,1,normal,1,0,0,418,400
Csv,2,2,normal,1,1,1,418,403
Csv,2,3,normal,1,1,1,418,450
Csv,2,4,normal,1,0,0,418,442
Csv,2,5,normal,1,1,1,418,410
Csv,2,1,time,1,1,1,418,397
Csv,2,2,time,1,1,0,418,383
Csv,2,3,time,1,0,0,418,401
Csv,2,4,time,1,0,0,418,392
Csv,2,5,time,1,1,0,418,410
Csv,2,1,mem,1,1,0,418,377
Csv,2,2,mem,1,1,0,418,426
Csv,2,3,mem,1,1,1,418,402
Csv,2,4,mem,1,0,0,418,462
Csv,2,5,mem,1,1,0,418,423
Csv,3,1,normal,0,0,0,602,476
Csv,3,2,normal,1,1,1,602,582
Csv,3,3,normal,0,0,0,602,366
Csv,3,4,normal,1,1,1,602,394
Csv,3,5,normal,1,1,1,602,602
Csv,3,1,time,1,0,0,602,335
Csv,3,2,time,1,1,1,602,379
Csv,3,3,time,0,0,0,602,431
Csv,3,4,time,1,1,1,602,605
Csv,3,5,time,0,0,0,602,436
Csv,3,1,mem,1,0,0,602,524
Csv,3,2,mem,1,0,0,602,394
Csv,3,3,mem,0,0,0,602,462
Csv,3,4,mem,0,0,0,602,683
Csv,3,5,mem,0,0,0,602,590
Csv,4,1,normal,0,0,0,122,125
Csv,4,2,normal,0,0,0,122,109
Csv,4,3,normal,0,0,0,122,301
Csv,4,4,normal,0,0,0,122,115
Csv,4,5,normal,0,0,0,122,119
Csv,4,1,time,0,0,0,122,119
Csv,4,2,time,0,0,0,122,108
Csv,4,3,time,0,0,0,122,119
Csv,4,4,time,0,0,0,122,273
Csv,4,5,time,0,0,0,122,119
Csv,4,1,mem,0,0,0,122,119
Csv,4,2,mem,0,0,0,122,134
Csv,4,3,mem,0,0,0,122,108
Csv,4,4,mem,0,0,0,122,125
Csv,4,5,mem,0,0,0,122,119
Csv,5,1,normal,1,1,1,163,158
Csv,5,2,normal,1,1,1,163,132
Csv,5,3,normal,1,1,1,163,163
Csv,5,4,normal,1,1,1,163,132
Csv,5,5,normal,1,1,1,163,132
Csv,5,1,time,1,1,1,163,216
Csv,5,2,time,1,1,1,163,132
Csv,5,3,time,1,1,1,163,163
Csv,5,4,time,1,1,1,163,132
Csv,5,5,time,1,1,1,163,132
Csv,5,1,mem,1,1,1,163,191
Csv,5,2,mem,1,1,1,163,132
Csv,5,3,mem,1,1,1,163,132
Csv,5,4,mem,1,1,1,163,132
Csv,5,5,mem,0,0,0,163,223
Csv,6,1,normal,1,1,1,213,221
Csv,6,2,normal,1,1,1,213,293
Csv,6,3,normal,1,1,1,213,210
Csv,6,4,normal,1,1,1,213,317
Csv,6,5,normal,1,1,1,213,393
Csv,6,1,time,1,1,1,213,273
Csv,6,2,time,1,1,1,213,251
Csv,6,3,time,1,1,1,213,221
Csv,6,4,time,1,1,1,213,197
Csv,6,5,time,1,0,1,213,190
Csv,6,1,mem,1,1,1,213,210
Csv,6,2,mem,1,1,1,213,247
Csv,6,3,mem,1,1,1,213,199
Csv,6,4,mem,1,1,1,213,248
Csv,6,5,mem,1,1,1,213,322
Csv,9,1,normal,1,1,1,242,242
Csv,9,2,normal,1,1,1,242,232
Csv,9,3,normal,1,1,1,242,284
Csv,9,4,normal,1,1,1,242,232
Csv,9,5,normal,1,1,1,242,284
Csv,9,1,time,1,1,1,242,232
Csv,9,2,time,1,1,1,242,232
Csv,9,3,time,1,1,1,242,242
Csv,9,4,time,1,1,1,242,232
Csv,9,5,time,1,1,1,242,291
Csv,9,1,mem,1,0,0,242,213
Csv,9,2,mem,1,1,1,242,232
Csv,9,3,mem,1,1,1,242,242
Csv,9,4,mem,1,1,1,242,272
Csv,9,5,mem,1,1,1,242,232
Jsoup,10,1,normal,0,0,0,593,507
Jsoup,10,2,normal,1,1,1,593,507
Jsoup,10,3,normal,1,1,1,593,562
Jsoup,10,4,normal,1,1,1,593,553
Jsoup,10,5,normal,1,1,1,593,507
Jsoup,10,1,time,1,0,1,593,480
Jsoup,10,2,time,1,0,1,593,444
Jsoup,10,3,time,1,1,1,593,641
Jsoup,10,4,time,0,0,0,593,461
Jsoup,10,5,time,1,0,1,593,605
Jsoup,10,1,mem,1,1,1,593,582
Jsoup,10,2,mem,0,0,0,593,529
Jsoup,10,3,mem,0,0,0,593,548
Jsoup,10,4,mem,0,0,0,593,1226
Jsoup,10,5,mem,1,0,1,593,580
Jsoup,13,1,normal,1,0,1,274,575
Jsoup,13,2,normal,1,1,1,274,275
Jsoup,13,3,normal,1,0,1,274,285
Jsoup,13,4,normal,1,1,1,274,325
Jsoup,13,5,normal,1,1,1,274,329
Jsoup,13,1,time,1,1,1,274,281
Jsoup,13,2,time,1,1,1,274,325
Jsoup,13,3,time,1,0,1,274,271
Jsoup,13,4,time,1,1,1,274,286
Jsoup,13,5,time,1,0,1,274,394
Jsoup,13,1,mem,1,1,1,274,277
Jsoup,13,2,mem,1,0,1,274,252
Jsoup,13,3,mem,1,0,1,274,251
Jsoup,13,4,mem,1,0,1,274,251
Jsoup,13,5,mem,1,0,1,274,251
Jsoup,17,1,normal,0,0,0,103,338
Jsoup,17,2,normal,0,0,0,103,138
Jsoup,17,3,normal,0,0,0,103,684
Jsoup,17,4,normal,0,0,0,103,58
Jsoup,17,5,normal,0,0,0,103,158
Jsoup,17,1,time,0,0,0,103,90
Jsoup,17,2,time,0,0,0,103,91
Jsoup,17,3,time,0,0,0,103,146
Jsoup,17,4,time,0,0,0,103,143
Jsoup,17,5,time,1,1,1,103,92
Jsoup,17,1,mem,0,0,0,103,107
Jsoup,17,2,mem,0,0,0,103,84
Jsoup,17,3,mem,0,0,0,103,181
Jsoup,17,4,mem,0,0,0,103,89
Jsoup,17,5,mem,0,0,0,103,116
Jsoup,19,1,normal,1,1,1,515,563
Jsoup,19,2,normal,1,1,1,515,405
Jsoup,19,3,normal,1,1,1,515,432
Jsoup,19,4,normal,1,1,1,515,438
Jsoup,19,5,normal,1,1,1,515,404
Jsoup,19,1,time,1,1,1,515,343
Jsoup,19,2,time,1,0,1,515,436
Jsoup,19,3,time,1,0,1,515,381
Jsoup,19,4,time,1,0,0,515,342
Jsoup,19,5,time,1,0,0,515,358
Jsoup,19,1,mem,1,0,1,515,437
Jsoup,19,2,mem,1,0,1,515,494
Jsoup,19,3,mem,1,1,1,515,517
Jsoup,19,4,mem,0,0,0,515,389
Jsoup,19,5,mem,1,1,1,515,553
Jsoup,1,1,normal,1,1,1,310,310
Jsoup,1,2,normal,1,1,1,310,310
Jsoup,1,3,normal,0,0,0,310,302
Jsoup,1,4,normal,1,1,1,310,312
Jsoup,1,5,normal,1,0,0,310,310
Jsoup,1,1,time,0,0,0,310,322
Jsoup,1,2,time,0,0,0,310,392
Jsoup,1,3,time,1,1,1,310,338
Jsoup,1,4,time,1,1,1,310,396
Jsoup,1,5,time,0,0,0,310,488
Jsoup,1,1,mem,1,1,1,310,396
Jsoup,1,2,mem,0,0,0,310,359
Jsoup,1,3,mem,0,0,0,310,517
Jsoup,1,4,mem,0,0,0,310,276
Jsoup,1,5,mem,0,0,0,310,304
Jsoup,20,1,normal,1,1,1,1450,1264
Jsoup,20,2,normal,1,1,1,1450,1161
Jsoup,20,3,normal,1,1,1,1450,1164
Jsoup,20,4,normal,1,1,0,1450,1268
Jsoup,20,5,normal,1,1,0,1450,1174
Jsoup,20,1,time,1,1,1,1450,1344
Jsoup,20,2,time,1,1,0,1450,1268
Jsoup,20,3,time,1,1,1,1450,1330
Jsoup,20,4,time,1,1,0,1450,1038
Jsoup,20,5,time,1,1,0,1450,1332
Jsoup,20,1,mem,1,1,1,1450,1323
Jsoup,20,2,mem,1,1,1,1450,1215
Jsoup,20,3,mem,1,1,1,1450,1269
Jsoup,20,4,mem,1,0,0,1450,1403
Jsoup,20,5,mem,1,1,0,1450,1268
Jsoup,24,1,normal,1,1,1,509,509
Jsoup,24,2,normal,1,1,1,509,509
Jsoup,24,3,normal,1,1,1,509,539
Jsoup,24,4,normal,1,0,1,509,521
Jsoup,24,5,normal,1,1,1,509,509
Jsoup,24,1,time,0,0,0,509,496
Jsoup,24,2,time,1,1,1,509,509
Jsoup,24,3,time,1,1,1,509,552
Jsoup,24,4,time,1,1,1,509,552
Jsoup,24,5,time,1,1,1,509,552
Jsoup,24,1,mem,1,1,1,509,509
Jsoup,24,2,mem,1,1,1,509,532
Jsoup,24,3,mem,1,0,1,509,580
Jsoup,24,4,mem,1,0,1,509,460
Jsoup,24,5,mem,1,0,1,509,541
Jsoup,25,1,normal,0,0,0,245,259
Jsoup,25,2,normal,0,0,0,245,287
Jsoup,25,3,normal,0,0,0,245,269
Jsoup,25,4,normal,0,0,0,245,304
Jsoup,25,5,normal,0,0,0,245,266
Jsoup,25,1,time,0,0,0,245,262
Jsoup,25,2,time,0,0,0,245,385
Jsoup,25,3,time,1,1,1,245,245
Jsoup,25,4,time,0,0,0,245,383
Jsoup,25,5,time,0,0,0,245,383
Jsoup,25,1,mem,0,0,0,245,261
Jsoup,25,2,mem,1,1,1,245,245
Jsoup,25,3,mem,0,0,0,245,280
Jsoup,25,4,mem,0,0,0,245,280
Jsoup,25,5,mem,0,0,0,245,593
Jsoup,26,1,normal,1,1,1,290,335
Jsoup,26,2,normal,1,1,1,290,272
Jsoup,26,3,normal,1,1,1,290,229
Jsoup,26,4,normal,1,1,1,290,269
Jsoup,26,5,normal,1,1,1,290,335
Jsoup,26,1,time,1,1,1,290,245
Jsoup,26,2,time,0,0,0,290,580
Jsoup,26,3,time,1,1,1,290,272
Jsoup,26,4,time,1,1,1,290,272
Jsoup,26,5,time,1,1,1,290,272
Jsoup,26,1,mem,1,1,1,290,356
Jsoup,26,2,mem,1,1,1,290,272
Jsoup,26,3,mem,0,0,0,290,351
Jsoup,26,4,mem,1,1,1,290,308
Jsoup,26,5,mem,1,0,0,290,233
Jsoup,27,1,normal,1,0,1,328,266
Jsoup,27,2,normal,1,1,1,328,420
Jsoup,27,3,normal,1,0,1,328,268
Jsoup,27,4,normal,1,1,1,328,440
Jsoup,27,5,normal,1,1,1,328,422
Jsoup,27,1,time,1,0,1,328,268
Jsoup,27,2,time,1,1,1,328,266
Jsoup,27,3,time,1,1,1,328,270
Jsoup,27,4,time,1,0,1,328,268
Jsoup,27,5,time,1,0,1,328,270
Jsoup,27,1,mem,0,0,0,328,523
Jsoup,27,2,mem,1,0,1,328,268
Jsoup,27,3,mem,1,0,1,328,270
Jsoup,27,4,mem,1,0,1,328,268
Jsoup,27,5,mem,1,1,1,328,240
Jsoup,2,1,normal,1,0,1,1341,1362
Jsoup,2,2,normal,0,0,0,1341,1170
Jsoup,2,3,normal,1,1,1,1341,932
Jsoup,2,4,normal,1,1,1,1341,1342
Jsoup,2,5,normal,0,0,0,1341,1170
Jsoup,2,1,time,1,0,1,1341,1345
Jsoup,2,2,time,0,0,0,1341,1377
Jsoup,2,3,time,1,0,1,1341,1429
Jsoup,2,4,time,0,0,0,1341,1363
Jsoup,2,5,time,1,1,1,1341,1341
Jsoup,2,1,mem,0,0,0,1341,1425
Jsoup,2,2,mem,1,0,1,1341,1381
Jsoup,2,3,mem,1,0,1,1341,1169
Jsoup,2,4,mem,1,0,1,1341,1345
Jsoup,2,5,mem,1,0,1,1341,1333
Jsoup,32,1,normal,1,1,1,160,101
Jsoup,32,2,normal,1,1,1,160,101
Jsoup,32,3,normal,1,1,1,160,101
Jsoup,32,4,normal,1,1,1,160,101
Jsoup,32,5,normal,1,1,1,160,101
Jsoup,32,1,time,0,0,0,160,132
Jsoup,32,2,time,0,0,0,160,169
Jsoup,32,3,time,0,0,0,160,186
Jsoup,32,4,time,1,1,1,160,101
Jsoup,32,5,time,1,1,1,160,101
Jsoup,32,1,mem,0,0,0,160,151
Jsoup,32,2,mem,1,1,1,160,101
Jsoup,32,3,mem,1,1,1,160,101
Jsoup,32,4,mem,1,1,1,160,101
Jsoup,32,5,mem,0,0,0,160,80
Jsoup,33,1,normal,1,1,1,549,311
Jsoup,33,2,normal,1,1,1,549,311
Jsoup,33,3,normal,1,1,1,549,311
Jsoup,33,4,normal,1,1,1,549,311
Jsoup,33,5,normal,1,0,0,549,297
Jsoup,33,1,time,1,0,1,549,574
Jsoup,33,2,time,0,0,0,549,443
Jsoup,33,3,time,0,0,0,549,630
Jsoup,33,4,time,1,0,0,549,470
Jsoup,33,5,time,0,0,0,549,280
Jsoup,33,1,mem,1,1,1,549,549
Jsoup,33,2,mem,0,0,0,549,487
Jsoup,33,3,mem,1,1,1,549,549
Jsoup,33,4,mem,1,1,1,549,758
Jsoup,33,5,mem,0,0,0,549,525
Jsoup,34,1,normal,1,0,0,430,345
Jsoup,34,2,normal,1,1,1,430,420
Jsoup,34,3,normal,1,1,1,430,357
Jsoup,34,4,normal,1,1,1,430,424
Jsoup,34,5,normal,1,0,0,430,427
Jsoup,34,1,time,1,1,1,430,387
Jsoup,34,2,time,1,0,0,430,517
Jsoup,34,3,time,0,0,0,430,347
Jsoup,34,4,time,1,1,1,430,367
Jsoup,34,5,time,1,1,1,430,285
Jsoup,34,1,mem,1,0,0,430,456
Jsoup,34,2,mem,1,0,0,430,384
Jsoup,34,3,mem,1,1,1,430,357
Jsoup,34,4,mem,1,0,0,430,371
Jsoup,34,5,mem,1,1,1,430,352
Jsoup,37,1,normal,1,1,1,151,151
Jsoup,37,2,normal,1,1,1,151,168
Jsoup,37,3,normal,1,1,1,151,168
Jsoup,37,4,normal,1,1,1,151,168
Jsoup,37,5,normal,1,1,1,151,173
Jsoup,37,1,time,0,0,0,151,202
Jsoup,37,2,time,1,1,1,151,162
Jsoup,37,3,time,1,0,0,151,303
Jsoup,37,4,time,1,0,1,151,100
Jsoup,37,5,time,1,0,0,151,81
Jsoup,37,1,mem,1,1,1,151,161
Jsoup,37,2,mem,1,1,1,151,155
Jsoup,37,3,mem,1,0,0,151,216
Jsoup,37,4,mem,0,0,0,151,324
Jsoup,37,5,mem,1,1,1,151,155
Jsoup,39,1,normal,1,1,1,1793,1793
Jsoup,39,2,normal,0,0,0,1793,1560
Jsoup,39,3,normal,1,0,0,1793,1436
Jsoup,39,4,normal,1,1,1,1793,1690
Jsoup,39,5,normal,1,1,1,1793,1634
Jsoup,39,1,time,1,0,0,1793,1196
Jsoup,39,2,time,1,0,1,1793,1853
Jsoup,39,3,time,1,1,1,1793,1604
Jsoup,39,4,time,0,0,0,1793,1619
Jsoup,39,5,time,1,1,1,1793,1660
Jsoup,39,1,mem,1,0,1,1793,1655
Jsoup,39,2,mem,1,1,1,1793,1674
Jsoup,39,3,mem,1,0,1,1793,1701
Jsoup,39,4,mem,0,0,0,1793,1841
Jsoup,39,5,mem,0,0,0,1793,1729
Jsoup,40,1,normal,1,0,1,161,232
Jsoup,40,2,normal,1,1,1,161,194
Jsoup,40,3,normal,1,1,1,161,206
Jsoup,40,4,normal,1,1,1,161,161
Jsoup,40,5,normal,1,1,1,161,185
Jsoup,40,1,time,1,0,0,161,146
Jsoup,40,2,time,1,1,1,161,182
Jsoup,40,3,time,1,1,1,161,182
Jsoup,40,4,time,1,0,0,161,208
Jsoup,40,5,time,1,1,1,161,194
Jsoup,40,1,mem,1,1,1,161,161
Jsoup,40,2,mem,1,0,0,161,362
Jsoup,40,3,mem,1,1,1,161,161
Jsoup,40,4,mem,1,1,1,161,161
Jsoup,40,5,mem,1,0,1,161,232
Jsoup,41,1,normal,1,1,1,198,187
Jsoup,41,2,normal,1,0,0,198,166
Jsoup,41,3,normal,1,1,1,198,193
Jsoup,41,4,normal,1,1,1,198,204
Jsoup,41,5,normal,1,1,1,198,204
Jsoup,41,1,time,1,1,1,198,175
Jsoup,41,2,time,1,0,0,198,198
Jsoup,41,3,time,1,0,0,198,170
Jsoup,41,4,time,1,1,1,198,202
Jsoup,41,5,time,1,1,1,198,195
Jsoup,41,1,mem,1,0,0,198,197
Jsoup,41,2,mem,1,0,0,198,170
Jsoup,41,3,mem,1,1,1,198,229
Jsoup,41,4,mem,1,1,1,198,229
Jsoup,41,5,mem,1,0,1,198,218
Jsoup,43,1,normal,1,1,1,231,233
Jsoup,43,2,normal,1,0,1,231,238
Jsoup,43,3,normal,1,1,1,231,233
Jsoup,43,4,normal,1,1,0,231,229
Jsoup,43,5,normal,1,1,0,231,225
Jsoup,43,1,time,1,0,1,231,196
Jsoup,43,2,time,1,0,0,231,164
Jsoup,43,3,time,1,0,1,231,194
Jsoup,43,4,time,1,1,1,231,224
Jsoup,43,5,time,1,0,0,231,164
Jsoup,43,1,mem,1,1,0,231,227
Jsoup,43,2,mem,1,1,1,231,233
Jsoup,43,3,mem,1,1,1,231,227
Jsoup,43,4,mem,1,1,1,231,214
Jsoup,43,5,mem,1,0,0,231,164
Jsoup,45,1,normal,1,1,0,1206,989
Jsoup,45,2,normal,1,1,1,1206,1208
Jsoup,45,3,normal,1,1,1,1206,1206
Jsoup,45,4,normal,1,1,0,1206,964
Jsoup,45,5,normal,1,1,1,1206,1206
Jsoup,45,1,time,1,1,0,1206,964
Jsoup,45,2,time,1,1,0,1206,964
Jsoup,45,3,time,1,1,0,1206,964
Jsoup,45,4,time,1,1,1,1206,1208
Jsoup,45,5,time,1,1,0,1206,966
Jsoup,45,1,mem,1,1,1,1206,1152
Jsoup,45,2,mem,1,1,1,1206,1206
Jsoup,45,3,mem,1,1,0,1206,964
Jsoup,45,4,mem,1,1,1,1206,1204
Jsoup,45,5,mem,1,1,1,1206,1206
Jsoup,46,1,normal,1,1,1,1763,1623
Jsoup,46,2,normal,1,1,1,1763,1755
Jsoup,46,3,normal,1,1,1,1763,1591
Jsoup,46,4,normal,1,1,1,1763,1789
Jsoup,46,5,normal,1,1,1,1763,1789
Jsoup,46,1,time,1,1,1,1763,1511
Jsoup,46,2,time,1,0,1,1763,1734
Jsoup,46,3,time,1,1,1,1763,1742
Jsoup,46,4,time,1,1,1,1763,1679
Jsoup,46,5,time,1,0,1,1763,1794
Jsoup,46,1,mem,1,1,1,1763,1742
Jsoup,46,2,mem,1,1,1,1763,1763
Jsoup,46,3,mem,0,0,0,1763,1929
Jsoup,46,4,mem,0,0,0,1763,1781
Jsoup,46,5,mem,1,0,1,1763,1798
Jsoup,47,1,normal,1,1,1,1866,1871
Jsoup,47,2,normal,1,1,1,1866,1877
Jsoup,47,3,normal,1,1,1,1866,1828
Jsoup,47,4,normal,1,0,0,1866,1702
Jsoup,47,5,normal,1,1,1,1866,1881
Jsoup,47,1,time,1,1,1,1866,1781
Jsoup,47,2,time,1,1,1,1866,1880
Jsoup,47,3,time,1,0,1,1866,1840
Jsoup,47,4,time,1,1,1,1866,1879
Jsoup,47,5,time,1,0,0,1866,1871
Jsoup,47,1,mem,1,1,1,1866,1801
Jsoup,47,2,mem,1,1,1,1866,1918
Jsoup,47,3,mem,1,1,1,1866,1627
Jsoup,47,4,mem,1,1,1,1866,1883
Jsoup,47,5,mem,1,1,1,1866,1879
Jsoup,48,1,normal,1,1,1,919,924
Jsoup,48,2,normal,1,1,1,919,935
Jsoup,48,3,normal,1,1,1,919,923
Jsoup,48,4,normal,1,1,1,919,828
Jsoup,48,5,normal,1,1,1,919,774
Jsoup,48,1,time,1,1,1,919,927
Jsoup,48,2,time,1,1,1,919,867
Jsoup,48,3,time,1,1,1,919,945
Jsoup,48,4,time,1,1,1,919,869
Jsoup,48,5,time,1,1,0,919,785
Jsoup,48,1,mem,1,1,1,919,963
Jsoup,48,2,mem,1,1,1,919,846
Jsoup,48,3,mem,1,1,0,919,812
Jsoup,48,4,mem,1,1,1,919,838
Jsoup,48,5,mem,1,1,1,919,920
Jsoup,49,1,normal,1,0,1,228,225
Jsoup,49,2,normal,0,0,0,228,244
Jsoup,49,3,normal,1,1,1,228,231
Jsoup,49,4,normal,1,0,1,228,225
Jsoup,49,5,normal,1,0,1,228,225
Jsoup,49,1,time,0,0,0,228,252
Jsoup,49,2,time,1,0,1,228,233
Jsoup,49,3,time,1,0,1,228,250
Jsoup,49,4,time,0,0,0,228,228
Jsoup,49,5,time,1,1,1,228,262
Jsoup,49,1,mem,1,1,1,228,236
Jsoup,49,2,mem,1,0,1,228,231
Jsoup,49,3,mem,1,0,1,228,244
Jsoup,49,4,mem,1,0,1,228,226
Jsoup,49,5,mem,1,0,1,228,228
Jsoup,51,1,normal,1,1,1,130,132
Jsoup,51,2,normal,1,1,1,130,94
Jsoup,51,3,normal,1,1,1,130,94
Jsoup,51,4,normal,1,1,1,130,132
Jsoup,51,5,normal,1,1,1,130,94
Jsoup,51,1,time,1,1,1,130,208
Jsoup,51,2,time,1,1,1,130,96
Jsoup,51,3,time,1,1,1,130,132
Jsoup,51,4,time,1,1,1,130,130
Jsoup,51,5,time,1,1,1,130,132
Jsoup,51,1,mem,1,1,1,130,94
Jsoup,51,2,mem,1,0,1,130,161
Jsoup,51,3,mem,1,1,1,130,133
Jsoup,51,4,mem,1,1,1,130,94
Jsoup,51,5,mem,1,1,1,130,132
Jsoup,53,1,normal,1,1,1,478,492
Jsoup,53,2,normal,1,0,1,478,564
Jsoup,53,3,normal,1,1,1,478,450
Jsoup,53,4,normal,1,1,1,478,492
Jsoup,53,5,normal,1,0,1,478,450
Jsoup,53,1,time,1,0,0,478,552
Jsoup,53,2,time,1,1,1,478,492
Jsoup,53,3,time,0,0,0,478,459
Jsoup,53,4,time,1,0,1,478,477
Jsoup,53,5,time,1,1,0,478,575
Jsoup,53,1,mem,1,0,0,478,507
Jsoup,53,2,mem,1,0,0,478,500
Jsoup,53,3,mem,1,0,0,478,453
Jsoup,53,4,mem,1,0,0,478,438
Jsoup,53,5,mem,1,1,1,478,455
Jsoup,54,1,normal,1,1,1,317,350
Jsoup,54,2,normal,0,0,0,317,249
Jsoup,54,3,normal,1,1,1,317,575
Jsoup,54,4,normal,1,1,1,317,263
Jsoup,54,5,normal,1,1,1,317,350
Jsoup,54,1,time,1,1,1,317,352
Jsoup,54,2,time,1,1,1,317,327
Jsoup,54,3,time,1,1,1,317,432
Jsoup,54,4,time,1,1,1,317,458
Jsoup,54,5,time,1,1,1,317,357
Jsoup,54,1,mem,1,0,1,317,771
Jsoup,54,2,mem,0,0,0,317,278
Jsoup,54,3,mem,1,1,1,317,354
Jsoup,54,4,mem,1,1,1,317,436
Jsoup,54,5,mem,1,1,1,317,691
Jsoup,55,1,normal,1,1,1,270,270
Jsoup,55,2,normal,0,0,0,270,431
Jsoup,55,3,normal,0,0,0,270,390
Jsoup,55,4,normal,1,0,1,270,246
Jsoup,55,5,normal,1,1,1,270,256
Jsoup,55,1,time,0,0,0,270,290
Jsoup,55,2,time,1,1,1,270,332
Jsoup,55,3,time,1,1,1,270,262
Jsoup,55,4,time,0,0,0,270,305
Jsoup,55,5,time,1,1,1,270,276
Jsoup,55,1,mem,0,0,0,270,282
Jsoup,55,2,mem,1,1,1,270,276
Jsoup,55,3,mem,1,1,1,270,276
Jsoup,55,4,mem,1,0,1,270,242
Jsoup,55,5,mem,1,1,1,270,276
Jsoup,57,1,normal,1,1,1,228,231
Jsoup,57,2,normal,1,1,1,228,229
Jsoup,57,3,normal,1,1,1,228,229
Jsoup,57,4,normal,1,1,1,228,226
Jsoup,57,5,normal,1,1,1,228,231
Jsoup,57,1,time,0,0,0,228,300
Jsoup,57,2,time,0,0,0,228,158
Jsoup,57,3,time,0,0,0,228,165
Jsoup,57,4,time,0,0,0,228,158
Jsoup,57,5,time,0,0,0,228,153
Jsoup,57,1,mem,0,0,0,228,158
Jsoup,57,2,mem,0,0,0,228,167
Jsoup,57,3,mem,0,0,0,228,205
Jsoup,57,4,mem,0,0,0,228,158
Jsoup,57,5,mem,0,0,0,228,158
Jsoup,5,1,normal,1,1,1,697,705
Jsoup,5,2,normal,1,1,1,697,701
Jsoup,5,3,normal,1,1,1,697,701
Jsoup,5,4,normal,1,1,1,697,595
Jsoup,5,5,normal,1,1,1,697,651
Jsoup,5,1,time,1,0,0,697,647
Jsoup,5,2,time,1,0,0,697,641
Jsoup,5,3,time,1,1,1,697,716
Jsoup,5,4,time,1,1,1,697,723
Jsoup,5,5,time,1,1,1,697,723
Jsoup,5,1,mem,1,1,1,697,645
Jsoup,5,2,mem,1,1,1,697,595
Jsoup,5,3,mem,1,1,1,697,649
Jsoup,5,4,mem,1,1,1,697,593
Jsoup,5,5,mem,1,0,0,697,641
Jsoup,61,1,normal,1,0,0,909,676
Jsoup,61,2,normal,1,1,1,909,629
Jsoup,61,3,normal,1,0,1,909,587
Jsoup,61,4,normal,1,0,1,909,606
Jsoup,61,5,normal,1,1,1,909,927
Jsoup,61,1,time,1,1,1,909,601
Jsoup,61,2,time,1,1,1,909,735
Jsoup,61,3,time,1,1,1,909,621
Jsoup,61,4,time,1,0,1,909,480
Jsoup,61,5,time,1,0,1,909,708
Jsoup,61,1,mem,1,1,1,909,612
Jsoup,61,2,mem,1,1,1,909,671
Jsoup,61,3,mem,1,1,1,909,909
Jsoup,61,4,mem,1,1,1,909,723
Jsoup,61,5,mem,1,1,1,909,545
Jsoup,62,1,normal,1,1,1,451,451
Jsoup,62,2,normal,0,0,0,451,635
Jsoup,62,3,normal,0,0,0,451,448
Jsoup,62,4,normal,1,1,1,451,453
Jsoup,62,5,normal,1,1,1,451,440
Jsoup,62,1,time,1,1,1,451,474
Jsoup,62,2,time,0,0,0,451,478
Jsoup,62,3,time,1,1,1,451,451
Jsoup,62,4,time,1,1,1,451,414
Jsoup,62,5,time,1,1,1,451,458
Jsoup,62,1,mem,1,1,1,451,479
Jsoup,62,2,mem,1,1,1,451,456
Jsoup,62,3,mem,1,1,1,451,456
Jsoup,62,4,mem,0,0,0,451,502
Jsoup,62,5,mem,1,1,1,451,443
Jsoup,64,1,normal,1,1,1,185,185
Jsoup,64,2,normal,1,1,1,185,185
Jsoup,64,3,normal,1,1,1,185,185
Jsoup,64,4,normal,1,1,1,185,185
Jsoup,64,5,normal,1,0,1,185,185
Jsoup,64,1,time,1,1,1,185,185
Jsoup,64,2,time,1,1,1,185,185
Jsoup,64,3,time,1,0,1,185,185
Jsoup,64,4,time,1,1,1,185,207
Jsoup,64,5,time,1,0,1,185,185
Jsoup,64,1,mem,1,1,1,185,185
Jsoup,64,2,mem,1,1,1,185,185
Jsoup,64,3,mem,1,1,1,185,185
Jsoup,64,4,mem,1,1,1,185,185
Jsoup,64,5,mem,1,1,1,185,185
Jsoup,69,1,normal,1,1,1,88,116
Jsoup,69,2,normal,1,1,1,88,114
Jsoup,69,3,normal,1,1,1,88,88
Jsoup,69,4,normal,1,1,1,88,106
Jsoup,69,5,normal,1,1,1,88,116
Jsoup,69,1,time,1,1,1,88,88
Jsoup,69,2,time,1,1,1,88,88
Jsoup,69,3,time,1,1,1,88,88
Jsoup,69,4,time,1,1,1,88,88
Jsoup,69,5,time,1,1,1,88,88
Jsoup,69,1,mem,1,1,1,88,88
Jsoup,69,2,mem,1,1,1,88,108
Jsoup,69,3,mem,0,0,0,88,285
Jsoup,69,4,mem,1,1,0,88,93
Jsoup,69,5,mem,1,1,1,88,114
Jsoup,6,1,normal,0,0,0,889,644
Jsoup,6,2,normal,1,1,1,889,660
Jsoup,6,3,normal,1,1,1,889,660
Jsoup,6,4,normal,1,1,1,889,687
Jsoup,6,5,normal,1,1,1,889,660
Jsoup,6,1,time,1,1,1,889,659
Jsoup,6,2,time,0,0,0,889,764
Jsoup,6,3,time,1,1,1,889,632
Jsoup,6,4,time,1,0,0,889,715
Jsoup,6,5,time,0,0,0,889,829
Jsoup,6,1,mem,1,0,0,889,596
Jsoup,6,2,mem,0,0,0,889,680
Jsoup,6,3,mem,1,0,1,889,608
Jsoup,6,4,mem,1,0,0,889,812
Jsoup,6,5,mem,0,0,0,889,814
Jsoup,70,1,normal,1,1,1,291,210
Jsoup,70,2,normal,1,1,1,291,210
Jsoup,70,3,normal,0,0,0,291,213
Jsoup,70,4,normal,1,1,1,291,210
Jsoup,70,5,normal,1,1,1,291,222
Jsoup,70,1,time,1,1,1,291,288
Jsoup,70,2,time,1,1,1,291,196
Jsoup,70,3,time,1,1,1,291,196
Jsoup,70,4,time,1,1,1,291,246
Jsoup,70,5,time,1,1,1,291,198
Jsoup,70,1,mem,1,1,1,291,222
Jsoup,70,2,mem,1,1,1,291,225
Jsoup,70,3,mem,1,1,1,291,198
Jsoup,70,4,mem,1,1,1,291,198
Jsoup,70,5,mem,1,1,1,291,280
Jsoup,72,1,normal,1,1,1,743,753
Jsoup,72,2,normal,1,0,1,743,706
Jsoup,72,3,normal,1,1,1,743,580
Jsoup,72,4,normal,1,0,1,743,535
Jsoup,72,5,normal,0,0,0,743,578
Jsoup,72,1,time,0,0,0,743,748
Jsoup,72,2,time,1,0,1,743,708
Jsoup,72,3,time,1,0,1,743,537
Jsoup,72,4,time,1,0,1,743,708
Jsoup,72,5,time,1,0,1,743,732
Jsoup,72,1,mem,1,0,1,743,537
Jsoup,72,2,mem,1,0,1,743,736
Jsoup,72,3,mem,0,0,0,743,580
Jsoup,72,4,mem,1,1,1,743,664
Jsoup,72,5,mem,0,0,0,743,769
Jsoup,75,1,normal,0,0,0,453,415
Jsoup,75,2,normal,1,0,1,453,523
Jsoup,75,3,normal,1,1,1,453,425
Jsoup,75,4,normal,1,1,1,453,439
Jsoup,75,5,normal,1,0,0,453,493
Jsoup,75,1,time,1,1,1,453,559
Jsoup,75,2,time,0,0,0,453,392
Jsoup,75,3,time,1,0,1,453,498
Jsoup,75,4,time,0,0,0,453,445
Jsoup,75,5,time,1,0,0,453,365
Jsoup,75,1,mem,0,0,0,453,388
Jsoup,75,2,mem,1,0,0,453,442
Jsoup,75,3,mem,0,0,0,453,477
Jsoup,75,4,mem,0,0,0,453,485
Jsoup,75,5,mem,1,1,1,453,397
Jsoup,77,1,normal,1,1,1,384,408
Jsoup,77,2,normal,1,1,1,384,388
Jsoup,77,3,normal,1,1,1,384,373
Jsoup,77,4,normal,1,1,1,384,373
Jsoup,77,5,normal,1,1,1,384,388
Jsoup,77,1,time,1,1,1,384,393
Jsoup,77,2,time,1,1,1,384,388
Jsoup,77,3,time,1,1,1,384,508
Jsoup,77,4,time,0,0,0,384,371
Jsoup,77,5,time,1,1,1,384,384
Jsoup,77,1,mem,1,1,1,384,388
Jsoup,77,2,mem,1,1,1,384,358
Jsoup,77,3,mem,0,0,0,384,469
Jsoup,77,4,mem,0,0,0,384,332
Jsoup,77,5,mem,0,0,0,384,386
Jsoup,80,1,normal,1,0,1,707,548
Jsoup,80,2,normal,1,1,1,707,570
Jsoup,80,3,normal,1,1,1,707,582
Jsoup,80,4,normal,1,1,1,707,584
Jsoup,80,5,normal,1,1,1,707,561
Jsoup,80,1,time,0,0,0,707,1115
Jsoup,80,2,time,0,0,0,707,551
Jsoup,80,3,time,1,0,1,707,585
Jsoup,80,4,time,0,0,0,707,680
Jsoup,80,5,time,0,0,0,707,582
Jsoup,80,1,mem,1,0,1,707,642
Jsoup,80,2,mem,0,0,0,707,618
Jsoup,80,3,mem,1,1,1,707,563
Jsoup,80,4,mem,1,0,1,707,698
Jsoup,80,5,mem,1,0,1,707,711
Jsoup,82,1,normal,1,1,1,2892,2892
Jsoup,82,2,normal,1,1,1,2892,2158
Jsoup,82,3,normal,1,1,1,2892,2898
Jsoup,82,4,normal,0,0,0,2892,2930
Jsoup,82,5,normal,1,1,1,2892,2892
Jsoup,82,1,time,1,1,1,2892,2483
Jsoup,82,2,time,1,0,1,2892,2168
Jsoup,82,3,time,0,0,0,2892,2321
Jsoup,82,4,time,0,0,0,2892,3050
Jsoup,82,5,time,1,0,1,2892,2847
Jsoup,82,1,mem,1,0,1,2892,2216
Jsoup,82,2,mem,1,1,1,2892,2836
Jsoup,82,3,mem,0,0,0,2892,1531
Jsoup,82,4,mem,0,0,0,2892,2244
Jsoup,82,5,mem,1,0,1,2892,2809
Jsoup,84,1,normal,1,1,1,1261,1278
Jsoup,84,2,normal,1,1,1,1261,1278
Jsoup,84,3,normal,1,1,1,1261,1278
Jsoup,84,4,normal,1,1,1,1261,1278
Jsoup,84,5,normal,1,1,1,1261,1278
Jsoup,84,1,time,1,1,1,1261,1244
Jsoup,84,2,time,1,1,1,1261,1278
Jsoup,84,3,time,1,1,1,1261,1278
Jsoup,84,4,time,1,1,1,1261,1278
Jsoup,84,5,time,1,1,1,1261,1204
Jsoup,84,1,mem,1,0,1,1261,1273
Jsoup,84,2,mem,1,0,1,1261,1239
Jsoup,84,3,mem,1,1,1,1261,1278
Jsoup,84,4,mem,1,0,1,1261,1273
Jsoup,84,5,mem,1,0,1,1261,1273
Jsoup,85,1,normal,1,1,1,210,188
Jsoup,85,2,normal,1,1,1,210,194
Jsoup,85,3,normal,1,1,1,210,160
Jsoup,85,4,normal,1,1,1,210,157
Jsoup,85,5,normal,1,1,1,210,207
Jsoup,85,1,time,1,1,1,210,237
Jsoup,85,2,time,1,0,0,210,203
Jsoup,85,3,time,1,1,1,210,164
Jsoup,85,4,time,0,0,0,210,126
Jsoup,85,5,time,0,0,0,210,126
Jsoup,85,1,mem,1,1,1,210,187
Jsoup,85,2,mem,1,1,1,210,207
Jsoup,85,3,mem,1,1,1,210,207
Jsoup,85,4,mem,1,1,1,210,237
Jsoup,85,5,mem,0,0,0,210,192
Jsoup,86,1,normal,0,0,0,391,468
Jsoup,86,2,normal,0,0,0,391,540
Jsoup,86,3,normal,0,0,0,391,514
Jsoup,86,4,normal,1,1,1,391,386
Jsoup,86,5,normal,1,1,1,391,454
Jsoup,86,1,time,0,0,0,391,553
Jsoup,86,2,time,1,0,0,391,513
Jsoup,86,3,time,0,0,0,391,427
Jsoup,86,4,time,1,0,0,391,364
Jsoup,86,5,time,1,0,0,391,297
Jsoup,86,1,mem,0,0,0,391,321
Jsoup,86,2,mem,1,0,0,391,366
Jsoup,86,3,mem,0,0,0,391,633
Jsoup,86,4,mem,0,0,0,391,548
Jsoup,86,5,mem,0,0,0,391,517
Jsoup,88,1,normal,1,1,1,59,134
Jsoup,88,2,normal,1,1,1,59,47
Jsoup,88,3,normal,1,0,0,59,102
Jsoup,88,4,normal,1,1,1,59,58
Jsoup,88,5,normal,1,1,1,59,116
Jsoup,88,1,time,1,1,1,59,58
Jsoup,88,2,time,1,0,0,59,102
Jsoup,88,3,time,1,1,1,59,47
Jsoup,88,4,time,1,1,1,59,47
Jsoup,88,5,time,0,0,0,59,48
Jsoup,88,1,mem,1,1,1,59,47
Jsoup,88,2,mem,1,1,1,59,58
Jsoup,88,3,mem,1,1,1,59,47
Jsoup,88,4,mem,1,0,0,59,63
Jsoup,88,5,mem,1,1,1,59,58
Jsoup,89,1,normal,1,1,1,253,242
Jsoup,89,2,normal,1,1,1,253,232
Jsoup,89,3,normal,1,1,0,253,230
Jsoup,89,4,normal,1,1,1,253,230
Jsoup,89,5,normal,1,1,1,253,230
Jsoup,89,1,time,1,1,0,253,236
Jsoup,89,2,time,1,1,0,253,226
Jsoup,89,3,time,1,1,0,253,236
Jsoup,89,4,time,1,1,0,253,226
Jsoup,89,5,time,1,1,0,253,190
Jsoup,89,1,mem,1,1,1,253,238
Jsoup,89,2,mem,1,1,1,253,266
Jsoup,89,3,mem,1,1,0,253,201
Jsoup,89,4,mem,1,0,0,253,200
Jsoup,89,5,mem,0,0,0,253,327
Jsoup,90,1,normal,1,1,1,470,472
Jsoup,90,2,normal,1,1,1,470,472
Jsoup,90,3,normal,1,1,1,470,473
Jsoup,90,4,normal,1,1,1,470,452
Jsoup,90,5,normal,1,1,1,470,473
Jsoup,90,1,time,1,1,1,470,450
Jsoup,90,2,time,1,1,1,470,502
Jsoup,90,3,time,1,1,1,470,507
Jsoup,90,4,time,1,1,1,470,468
Jsoup,90,5,time,1,1,1,470,466
Jsoup,90,1,mem,1,1,1,470,423
Jsoup,90,2,mem,1,1,1,470,428
Jsoup,90,3,mem,1,1,1,470,490
Jsoup,90,4,mem,1,1,1,470,506
Jsoup,90,5,mem,1,1,1,470,467
Jsoup,93,1,normal,1,1,1,1117,1137
Jsoup,93,2,normal,1,1,1,1117,895
Jsoup,93,3,normal,1,1,1,1117,1125
Jsoup,93,4,normal,1,1,1,1117,938
Jsoup,93,5,normal,1,1,1,1117,1125
Jsoup,93,1,time,1,1,1,1117,1079
Jsoup,93,2,time,1,0,1,1117,1052
Jsoup,93,3,time,1,1,1,1117,1034
Jsoup,93,4,time,0,0,0,1117,972
Jsoup,93,5,time,1,1,1,1117,1084
Jsoup,93,1,mem,1,1,1,1117,1084
Jsoup,93,2,mem,1,1,1,1117,910
Jsoup,93,3,mem,1,1,1,1117,1077
Jsoup,93,4,mem,1,1,1,1117,1016
Jsoup,93,5,mem,0,0,0,1117,1095
Jsoup,9,1,normal,0,0,0,361,113
Jsoup,9,2,normal,0,0,0,361,362
Jsoup,9,3,normal,0,0,0,361,362
Jsoup,9,4,normal,0,0,0,361,122
Jsoup,9,5,normal,0,0,0,361,480
Jsoup,9,1,time,0,0,0,361,362
Jsoup,9,2,time,0,0,0,361,130
Jsoup,9,3,time,0,0,0,361,1077
Jsoup,9,4,time,0,0,0,361,113
Jsoup,9,5,time,0,0,0,361,362
Jsoup,9,1,mem,0,0,0,361,622
Jsoup,9,2,mem,0,0,0,361,376
Jsoup,9,3,mem,0,0,0,361,440
Jsoup,9,4,mem,0,0,0,361,360
Jsoup,9,5,mem,0,0,0,361,368
Lang,10,1,normal,1,1,1,396,396
Lang,10,2,normal,1,1,1,396,396
Lang,10,3,normal,1,1,1,396,396
Lang,10,4,normal,1,1,1,396,402
Lang,10,5,normal,1,1,1,396,415
Lang,10,1,time,1,0,1,396,420
Lang,10,2,time,1,1,1,396,402
Lang,10,3,time,1,1,1,396,568
Lang,10,4,time,0,0,0,396,298
Lang,10,5,time,1,1,1,396,387
Lang,10,1,mem,1,0,0,396,483
Lang,10,2,mem,1,0,0,396,532
Lang,10,3,mem,1,1,1,396,491
Lang,10,4,mem,1,1,1,396,430
Lang,10,5,mem,1,1,1,396,466
Lang,11,1,normal,1,0,0,1334,1311
Lang,11,2,normal,1,0,0,1334,1194
Lang,11,3,normal,1,1,1,1334,1323
Lang,11,4,normal,1,1,1,1334,1328
Lang,11,5,normal,1,0,0,1334,1340
Lang,11,1,time,1,0,0,1334,1194
Lang,11,2,time,1,1,1,1334,1341
Lang,11,3,time,1,0,0,1334,1191
Lang,11,4,time,0,0,0,1334,1269
Lang,11,5,time,1,0,0,1334,1195
Lang,11,1,mem,1,0,0,1334,1197
Lang,11,2,mem,1,0,0,1334,1311
Lang,11,3,mem,1,1,1,1334,1499
Lang,11,4,mem,1,1,1,1334,1377
Lang,11,5,mem,0,0,0,1334,1452
Lang,12,1,normal,1,1,1,1221,1221
Lang,12,2,normal,1,0,0,1221,899
Lang,12,3,normal,1,1,1,1221,1221
Lang,12,4,normal,1,1,1,1221,1221
Lang,12,5,normal,1,0,0,1221,1353
Lang,12,1,time,1,1,1,1221,1232
Lang,12,2,time,1,1,1,1221,1229
Lang,12,3,time,1,1,1,1221,1259
Lang,12,4,time,1,1,1,1221,1219
Lang,12,5,time,1,1,1,1221,1223
Lang,12,1,mem,1,0,0,1221,1124
Lang,12,2,mem,1,1,1,1221,1221
Lang,12,3,mem,1,1,1,1221,1194
Lang,12,4,mem,1,0,0,1221,1145
Lang,12,5,mem,1,1,1,1221,1225
Lang,14,1,normal,1,1,1,284,294
Lang,14,2,normal,1,1,1,284,284
Lang,14,3,normal,1,1,1,284,284
Lang,14,4,normal,1,1,1,284,284
Lang,14,5,normal,1,1,1,284,387
Lang,14,1,time,0,0,0,284,266
Lang,14,2,time,1,1,1,284,321
Lang,14,3,time,1,0,1,284,490
Lang,14,4,time,1,0,1,284,341
Lang,14,5,time,1,1,1,284,307
Lang,14,1,mem,1,1,1,284,398
Lang,14,2,mem,0,0,0,284,266
Lang,14,3,mem,1,1,1,284,216
Lang,14,4,mem,1,1,1,284,289
Lang,14,5,mem,1,1,0,284,590
Lang,18,1,normal,0,0,0,2928,2924
Lang,18,2,normal,0,0,0,2928,2963
Lang,18,3,normal,0,0,0,2928,2907
Lang,18,4,normal,1,0,0,2928,1211
Lang,18,5,normal,1,1,1,2928,2928
Lang,18,1,time,1,1,1,2928,2880
Lang,18,2,time,0,0,0,2928,2881
Lang,18,3,time,0,0,0,2928,2863
Lang,18,4,time,1,1,1,2928,2911
Lang,18,5,time,0,0,0,2928,2810
Lang,18,1,mem,1,1,1,2928,2863
Lang,18,2,mem,1,0,0,2928,2873
Lang,18,3,mem,0,0,0,2928,2875
Lang,18,4,mem,0,0,0,2928,2869
Lang,18,5,mem,0,0,0,2928,1201
Lang,26,1,normal,1,1,1,163,163
Lang,26,2,normal,1,1,1,163,184
Lang,26,3,normal,1,1,1,163,184
Lang,26,4,normal,1,1,1,163,163
Lang,26,5,normal,0,0,0,163,170
Lang,26,1,time,0,0,0,163,186
Lang,26,2,time,0,0,0,163,186
Lang,26,3,time,1,1,1,163,252
Lang,26,4,time,1,0,0,163,209
Lang,26,5,time,1,0,1,163,180
Lang,26,1,mem,0,0,0,163,198
Lang,26,2,mem,0,0,0,163,192
Lang,26,3,mem,0,0,0,163,183
Lang,26,4,mem,0,0,0,163,198
Lang,26,5,mem,0,0,0,163,183
Lang,28,1,normal,1,0,0,755,731
Lang,28,2,normal,1,1,1,755,747
Lang,28,3,normal,1,1,1,755,694
Lang,28,4,normal,1,1,1,755,747
Lang,28,5,normal,0,0,0,755,702
Lang,28,1,time,0,0,0,755,1004
Lang,28,2,time,1,1,1,755,830
Lang,28,3,time,1,1,1,755,708
Lang,28,4,time,0,0,0,755,784
Lang,28,5,time,1,0,0,755,732
Lang,28,1,mem,1,1,1,755,770
Lang,28,2,mem,0,0,0,755,1110
Lang,28,3,mem,1,1,1,755,770
Lang,28,4,mem,1,1,1,755,779
Lang,28,5,mem,0,0,0,755,815
Lang,29,1,normal,1,1,1,116,116
Lang,29,2,normal,1,1,1,116,255
Lang,29,3,normal,1,1,1,116,264
Lang,29,4,normal,1,1,1,116,280
Lang,29,5,normal,1,1,1,116,260
Lang,29,1,time,1,0,0,116,264
Lang,29,2,time,1,1,1,116,172
Lang,29,3,time,1,1,1,116,284
Lang,29,4,time,1,1,1,116,147
Lang,29,5,time,1,1,1,116,268
Lang,29,1,mem,1,1,1,116,161
Lang,29,2,mem,1,1,1,116,292
Lang,29,3,mem,1,1,1,116,153
Lang,29,4,mem,1,1,1,116,186
Lang,29,5,mem,1,1,1,116,147
Lang,31,1,normal,1,1,1,597,602
Lang,31,2,normal,1,1,1,597,602
Lang,31,3,normal,1,1,1,597,544
Lang,31,4,normal,1,1,1,597,604
Lang,31,5,normal,1,1,1,597,588
Lang,31,1,time,1,1,1,597,506
Lang,31,2,time,1,1,1,597,628
Lang,31,3,time,1,1,1,597,610
Lang,31,4,time,1,1,1,597,597
Lang,31,5,time,1,1,1,597,893
Lang,31,1,mem,1,1,1,597,661
Lang,31,2,mem,1,1,1,597,519
Lang,31,3,mem,1,1,1,597,625
Lang,31,4,mem,1,0,0,597,576
Lang,31,5,mem,1,1,1,597,651
Lang,33,1,normal,1,1,1,272,294
Lang,33,2,normal,1,1,1,272,294
Lang,33,3,normal,1,1,1,272,297
Lang,33,4,normal,1,1,1,272,294
Lang,33,5,normal,1,0,1,272,240
Lang,33,1,time,1,1,1,272,281
Lang,33,2,time,1,1,1,272,294
Lang,33,3,time,1,1,1,272,293
Lang,33,4,time,1,1,1,272,293
Lang,33,5,time,1,1,1,272,294
Lang,33,1,mem,1,1,1,272,272
Lang,33,2,mem,1,1,1,272,274
Lang,33,3,mem,1,1,1,272,295
Lang,33,4,mem,1,1,1,272,272
Lang,33,5,mem,1,1,1,272,283
Lang,39,1,normal,1,1,1,2936,2927
Lang,39,2,normal,1,1,1,2936,2114
Lang,39,3,normal,1,1,1,2936,2081
Lang,39,4,normal,1,1,1,2936,2115
Lang,39,5,normal,1,1,1,2936,2130
Lang,39,1,time,1,0,0,2936,1564
Lang,39,2,time,0,0,0,2936,2213
Lang,39,3,time,1,0,0,2936,1947
Lang,39,4,time,1,1,1,2936,2105
Lang,39,5,time,0,0,0,2936,2127
Lang,39,1,mem,1,1,1,2936,2985
Lang,39,2,mem,1,1,1,2936,2083
Lang,39,3,mem,1,1,1,2936,2090
Lang,39,4,mem,1,1,1,2936,2222
Lang,39,5,mem,1,1,1,2936,2103
Lang,3,1,normal,1,1,1,3980,3081
Lang,3,2,normal,1,0,1,3980,3004
Lang,3,3,normal,1,0,1,3980,3004
Lang,3,4,normal,1,0,1,3980,3078
Lang,3,5,normal,1,0,0,3980,2693
Lang,3,1,time,1,0,0,3980,3221
Lang,3,2,time,1,0,0,3980,3300
Lang,3,3,time,1,0,0,3980,2952
Lang,3,4,time,1,0,0,3980,2803
Lang,3,5,time,0,0,0,3980,2719
Lang,3,1,mem,0,0,0,3980,1958
Lang,3,2,mem,1,1,1,3980,3040
Lang,3,3,mem,0,0,0,3980,2564
Lang,3,4,mem,0,0,0,3980,2938
Lang,3,5,mem,0,0,0,3980,1131
Lang,40,1,normal,1,0,1,254,520
Lang,40,2,normal,1,1,1,254,300
Lang,40,3,normal,1,1,1,254,254
Lang,40,4,normal,1,1,1,254,254
Lang,40,5,normal,0,0,0,254,680
Lang,40,1,time,1,0,1,254,336
Lang,40,2,time,1,1,1,254,277
Lang,40,3,time,1,0,1,254,186
Lang,40,4,time,1,1,1,254,254
Lang,40,5,time,1,1,1,254,288
Lang,40,1,mem,1,1,1,254,555
Lang,40,2,mem,1,1,1,254,273
Lang,40,3,mem,1,0,1,254,497
Lang,40,4,mem,1,0,1,254,542
Lang,40,5,mem,1,1,1,254,280
Lang,42,1,normal,0,0,0,477,488
Lang,42,2,normal,1,1,1,477,570
Lang,42,3,normal,1,1,1,477,477
Lang,42,4,normal,1,1,1,477,519
Lang,42,5,normal,1,1,1,477,631
Lang,42,1,time,1,1,1,477,487
Lang,42,2,time,1,1,1,477,492
Lang,42,3,time,1,1,1,477,576
Lang,42,4,time,1,1,1,477,491
Lang,42,5,time,1,0,0,477,357
Lang,42,1,mem,0,0,0,477,486
Lang,42,2,mem,1,1,1,477,522
Lang,42,3,mem,1,1,1,477,523
Lang,42,4,mem,1,1,1,477,519
Lang,42,5,mem,0,0,0,477,499
Lang,43,1,normal,1,1,1,745,757
Lang,43,2,normal,1,0,1,745,756
Lang,43,3,normal,1,1,1,745,757
Lang,43,4,normal,1,1,1,745,757
Lang,43,5,normal,1,1,1,745,757
Lang,43,1,time,1,1,1,745,802
Lang,43,2,time,1,1,1,745,757
Lang,43,3,time,1,0,1,745,765
Lang,43,4,time,1,0,1,745,771
Lang,43,5,time,1,1,1,745,806
Lang,43,1,mem,1,1,1,745,757
Lang,43,2,mem,1,1,1,745,799
Lang,43,3,mem,1,0,1,745,753
Lang,43,4,mem,1,0,1,745,753
Lang,43,5,mem,1,0,1,745,796
Lang,44,1,normal,0,0,0,2966,496
Lang,44,2,normal,1,1,0,2966,2843
Lang,44,3,normal,1,1,1,2966,2799
Lang,44,4,normal,1,1,1,2966,2964
Lang,44,5,normal,1,1,1,2966,2994
Lang,44,1,time,1,1,1,2966,2877
Lang,44,2,time,1,1,0,2966,2950
Lang,44,3,time,1,1,1,2966,2994
Lang,44,4,time,1,1,1,2966,2903
Lang,44,5,time,0,0,0,2966,2901
Lang,44,1,mem,1,1,1,2966,2616
Lang,44,2,mem,1,1,1,2966,2609
Lang,44,3,mem,1,1,1,2966,2998
Lang,44,4,mem,1,1,1,2966,2988
Lang,44,5,mem,1,1,1,2966,2965
Lang,45,1,normal,1,1,1,1018,1016
Lang,45,2,normal,1,1,1,1018,745
Lang,45,3,normal,1,1,1,1018,1015
Lang,45,4,normal,1,1,1,1018,721
Lang,45,5,normal,1,1,1,1018,1037
Lang,45,1,time,1,0,0,1018,1021
Lang,45,2,time,1,1,1,1018,1010
Lang,45,3,time,1,1,1,1018,638
Lang,45,4,time,1,1,1,1018,1003
Lang,45,5,time,1,0,0,1018,545
Lang,45,1,mem,1,1,1,1018,1042
Lang,45,2,mem,1,1,1,1018,751
Lang,45,3,mem,1,1,0,1018,595
Lang,45,4,mem,1,1,1,1018,981
Lang,45,5,mem,1,1,1,1018,999
Lang,48,1,normal,0,0,0,1211,1118
Lang,48,2,normal,0,0,0,1211,989
Lang,48,3,normal,0,0,0,1211,945
Lang,48,4,normal,0,0,0,1211,1096
Lang,48,5,normal,0,0,0,1211,931
Lang,48,1,time,0,0,0,1211,1159
Lang,48,2,time,0,0,0,1211,1060
Lang,48,3,time,1,1,1,1211,1154
Lang,48,4,time,0,0,0,1211,926
Lang,48,5,time,1,0,0,1211,932
Lang,48,1,mem,0,0,0,1211,1049
Lang,48,2,mem,0,0,0,1211,962
Lang,48,3,mem,0,0,0,1211,902
Lang,48,4,mem,0,0,0,1211,1091
Lang,48,5,mem,1,0,1,1211,420
Lang,49,1,normal,1,1,1,214,335
Lang,49,2,normal,1,1,1,214,292
Lang,49,3,normal,1,1,1,214,240
Lang,49,4,normal,1,1,1,214,292
Lang,49,5,normal,1,1,1,214,231
Lang,49,1,time,1,1,1,214,231
Lang,49,2,time,1,0,0,214,196
Lang,49,3,time,1,1,1,214,220
Lang,49,4,time,1,1,1,214,203
Lang,49,5,time,1,1,1,214,380
Lang,49,1,mem,1,0,0,214,214
Lang,49,2,mem,1,1,1,214,214
Lang,49,3,mem,1,1,1,214,203
Lang,49,4,mem,1,0,0,214,451
Lang,49,5,mem,1,1,1,214,294
Lang,51,1,normal,1,0,0,1086,349
Lang,51,2,normal,1,0,0,1086,809
Lang,51,3,normal,1,1,1,1086,803
Lang,51,4,normal,1,1,1,1086,602
Lang,51,5,normal,1,1,1,1086,592
Lang,51,1,time,1,1,1,1086,590
Lang,51,2,time,1,0,0,1086,590
Lang,51,3,time,1,1,1,1086,570
Lang,51,4,time,1,0,0,1086,490
Lang,51,5,time,1,1,1,1086,565
Lang,51,1,mem,1,1,1,1086,514
Lang,51,2,mem,1,0,0,1086,255
Lang,51,3,mem,1,0,0,1086,493
Lang,51,4,mem,1,0,0,1086,823
Lang,51,5,mem,1,1,1,1086,559
Lang,52,1,normal,1,1,1,1002,999
Lang,52,2,normal,1,1,1,1002,951
Lang,52,3,normal,1,1,1,1002,999
Lang,52,4,normal,1,1,1,1002,963
Lang,52,5,normal,1,1,1,1002,1002
Lang,52,1,time,1,1,1,1002,852
Lang,52,2,time,1,1,1,1002,886
Lang,52,3,time,1,1,1,1002,960
Lang,52,4,time,1,0,0,1002,923
Lang,52,5,time,1,1,1,1002,960
Lang,52,1,mem,1,1,1,1002,963
Lang,52,2,mem,1,1,1,1002,999
Lang,52,3,mem,1,1,1,1002,960
Lang,52,4,mem,1,1,1,1002,960
Lang,52,5,mem,1,1,1,1002,877
Lang,54,1,normal,1,0,0,890,690
Lang,54,2,normal,1,1,1,890,898
Lang,54,3,normal,1,1,1,890,890
Lang,54,4,normal,1,1,1,890,890
Lang,54,5,normal,1,1,1,890,890
Lang,54,1,time,1,0,1,890,838
Lang,54,2,time,1,1,0,890,864
Lang,54,3,time,1,0,0,890,824
Lang,54,4,time,1,0,0,890,784
Lang,54,5,time,1,1,1,890,897
Lang,54,1,mem,1,1,1,890,894
Lang,54,2,mem,1,0,0,890,900
Lang,54,3,mem,1,1,1,890,825
Lang,54,4,mem,1,0,0,890,935
Lang,54,5,mem,1,0,0,890,820
Lang,55,1,normal,1,1,1,254,234
Lang,55,2,normal,1,0,1,254,277
Lang,55,3,normal,1,1,1,254,234
Lang,55,4,normal,1,0,1,254,207
Lang,55,5,normal,1,1,1,254,234
Lang,55,1,time,1,1,1,254,224
Lang,55,2,time,1,1,1,254,224
Lang,55,3,time,1,1,1,254,224
Lang,55,4,time,1,1,1,254,254
Lang,55,5,time,1,0,0,254,124
Lang,55,1,mem,1,1,1,254,224
Lang,55,2,mem,1,0,0,254,160
Lang,55,3,mem,1,0,0,254,124
Lang,55,4,mem,1,1,1,254,224
Lang,55,5,mem,1,0,0,254,124
Lang,58,1,normal,1,1,1,2920,2287
Lang,58,2,normal,1,1,1,2920,2922
Lang,58,3,normal,1,1,1,2920,2492
Lang,58,4,normal,1,1,1,2920,2494
Lang,58,5,normal,1,1,1,2920,2922
Lang,58,1,time,1,1,1,2920,2545
Lang,58,2,time,1,1,1,2920,2312
Lang,58,3,time,1,1,1,2920,2915
Lang,58,4,time,1,1,1,2920,2495
Lang,58,5,time,1,1,1,2920,2468
Lang,58,1,mem,0,0,0,2920,2525
Lang,58,2,mem,1,1,1,2920,2972
Lang,58,3,mem,1,1,1,2920,2900
Lang,58,4,mem,0,0,0,2920,2483
Lang,58,5,mem,1,1,1,2920,2492
Lang,59,1,normal,1,0,0,384,385
Lang,59,2,normal,1,1,1,384,358
Lang,59,3,normal,1,0,0,384,327
Lang,59,4,normal,1,1,1,384,381
Lang,59,5,normal,1,0,0,384,382
Lang,59,1,time,0,0,0,384,379
Lang,59,2,time,1,1,1,384,338
Lang,59,3,time,1,1,1,384,344
Lang,59,4,time,1,1,1,384,443
Lang,59,5,time,0,0,0,384,383
Lang,59,1,mem,1,0,0,384,327
Lang,59,2,mem,0,0,0,384,410
Lang,59,3,mem,1,1,1,384,341
Lang,59,4,mem,0,0,0,384,398
Lang,59,5,mem,1,1,1,384,315
Lang,61,1,normal,0,0,0,430,398
Lang,61,2,normal,1,1,1,430,403
Lang,61,3,normal,1,1,1,430,404
Lang,61,4,normal,1,1,1,430,429
Lang,61,5,normal,1,1,1,430,478
Lang,61,1,time,1,1,1,430,502
Lang,61,2,time,0,0,0,430,456
Lang,61,3,time,1,1,1,430,442
Lang,61,4,time,1,1,1,430,378
Lang,61,5,time,1,1,1,430,412
Lang,61,1,mem,0,0,0,430,426
Lang,61,2,mem,1,1,1,430,381
Lang,61,3,mem,1,1,1,430,410
Lang,61,4,mem,1,1,1,430,410
Lang,61,5,mem,1,1,1,430,356
Lang,6,1,normal,1,1,1,558,511
Lang,6,2,normal,1,0,1,558,458
Lang,6,3,normal,1,0,1,558,557
Lang,6,4,normal,1,1,1,558,511
Lang,6,5,normal,1,1,1,558,558
Lang,6,1,time,1,0,1,558,551
Lang,6,2,time,1,0,1,558,381
Lang,6,3,time,1,1,1,558,485
Lang,6,4,time,1,0,1,558,526
Lang,6,5,time,1,0,1,558,663
Lang,6,1,mem,1,1,1,558,509
Lang,6,2,mem,1,0,1,558,503
Lang,6,3,mem,1,1,1,558,510
Lang,6,4,mem,1,1,1,558,460
Lang,6,5,mem,1,0,1,558,516
Lang,9,1,normal,0,0,0,1196,1170
Lang,9,2,normal,0,0,0,1196,1170
Lang,9,3,normal,0,0,0,1196,1206
Lang,9,4,normal,1,1,1,1196,1321
Lang,9,5,normal,0,0,0,1196,1370
Lang,9,1,time,0,0,0,1196,1115
Lang,9,2,time,0,0,0,1196,1157
Lang,9,3,time,0,0,0,1196,1248
Lang,9,4,time,0,0,0,1196,1128
Lang,9,5,time,1,0,0,1196,1196
Lang,9,1,mem,0,0,0,1196,1348
Lang,9,2,mem,0,0,0,1196,1122
Lang,9,3,mem,0,0,0,1196,1260
Lang,9,4,mem,0,0,0,1196,1192
Lang,9,5,mem,1,0,0,1196,1108
