pid,vid,sid,mode,fixed_dev_mem,llm_dev_mem,fixed_reg_mem,llm_reg_mem
Chart,10,1,normal,0.0,0.0,0.0,0.0
Chart,10,2,normal,16.0,0.0,0.0,0.0
Chart,10,3,normal,0.0,0.0,0.0,0.0
Chart,10,4,normal,0.0,0.0,0.0,0.0
Chart,10,5,normal,48.0,0.0,0.0,0.0
Chart,10,1,time,0.0,0.0,0.0,0.0
Chart,10,2,time,0.0,0.0,0.0,0.0
Chart,10,3,time,0.0,0.0,0.0,0.0
Chart,10,4,time,0.0,0.0,0.0,0.0
Chart,10,5,time,0.0,28.8,0.0,0.0
Chart,10,1,mem,14.4,0.0,0.0,0.0
Chart,10,2,mem,43.2,0.0,0.0,0.0
Chart,10,3,mem,32.0,0.0,0.0,0.0
Chart,10,4,mem,0.0,0.0,0.0,0.0
Chart,10,5,mem,0.0,0.0,0.0,0.0
Chart,11,1,normal,0.0,0.0,0.0,0.0
Chart,11,2,normal,0.0,1646.4,0.0,0.0
Chart,11,3,normal,44.8,1566.4,0.0,0.0
Chart,11,4,normal,0.0,6.4,0.0,0.0
Chart,11,5,normal,0.0,0.0,0.0,0.0
Chart,11,1,time,1691.2,16.0,0.0,0.0
Chart,11,2,time,0.0,0.0,0.0,0.0
Chart,11,3,time,0.0,0.0,0.0,0.0
Chart,11,4,time,0.0,0.0,0.0,0.0
Chart,11,5,time,1641.6,0.0,0.0,0.0
Chart,11,1,mem,692.8,1641.6,0.0,0.0
Chart,11,2,mem,12.8,0.0,0.0,0.0
Chart,11,3,mem,30.4,12.8,0.0,0.0
Chart,11,4,mem,0.0,0.0,0.0,0.0
Chart,11,5,mem,0.0,0.0,0.0,0.0
Chart,12,1,normal,0.0,0.0,0.0,0.0
Chart,12,2,normal,0.0,0.0,0.0,0.0
Chart,12,3,normal,0.0,0.0,0.0,0.0
Chart,12,4,normal,0.0,0.0,0.0,0.0
Chart,12,5,normal,0.0,0.0,0.0,0.0
Chart,12,1,time,0.0,0.0,0.0,0.0
Chart,12,2,time,0.0,0.0,0.0,0.0
Chart,12,3,time,0.0,0.0,0.0,0.0
Chart,12,4,time,0.0,0.0,0.0,0.0
Chart,12,5,time,0.0,0.0,0.0,0.0
Chart,12,1,mem,0.0,0.0,0.0,0.0
Chart,12,2,mem,0.0,0.0,0.0,0.0
Chart,12,3,mem,0.0,0.0,0.0,0.0
Chart,12,4,mem,0.0,0.0,0.0,0.0
Chart,12,5,mem,0.0,0.0,0.0,0.0
Chart,1,1,normal,11006.4,2308.8,0.0,0.0
Chart,1,2,normal,1723.2,9409.6,0.0,0.0
Chart,1,3,normal,0.0,0.0,0.0,0.0
Chart,1,4,normal,0.0,0.0,0.0,0.0
Chart,1,5,normal,8816.0,7752.0,0.0,0.0
Chart,1,1,time,4928.0,10008.0,0.0,0.0
Chart,1,2,time,9403.2,7798.4,0.0,0.0
Chart,1,3,time,17089.6,6472.0,0.0,0.0
Chart,1,4,time,89.6,10473.6,0.0,0.0
Chart,1,5,time,6635.2,6462.4,0.0,0.0
Chart,1,1,mem,0.0,0.0,0.0,0.0
Chart,1,2,mem,116.8,2115.2,0.0,0.0
Chart,1,3,mem,6723.2,5126.4,0.0,0.0
Chart,1,4,mem,3190.4,10489.6,0.0,0.0
Chart,1,5,mem,6113.6,8278.4,0.0,0.0
Chart,20,1,normal,0.0,0.0,0.0,0.0
Chart,20,2,normal,0.0,0.0,0.0,0.0
Chart,20,3,normal,0.0,0.0,0.0,0.0
Chart,20,4,normal,0.0,0.0,0.0,0.0
Chart,20,5,normal,0.0,0.0,0.0,0.0
Chart,20,1,time,0.0,0.0,0.0,0.0
Chart,20,2,time,0.0,0.0,0.0,0.0
Chart,20,3,time,0.0,0.0,0.0,0.0
Chart,20,4,time,0.0,0.0,0.0,0.0
Chart,20,5,time,0.0,0.0,0.0,0.0
Chart,20,1,mem,0.0,0.0,0.0,0.0
Chart,20,2,mem,0.0,0.0,0.0,0.0
Chart,20,3,mem,0.0,0.0,0.0,0.0
Chart,20,4,mem,0.0,0.0,0.0,0.0
Chart,20,5,mem,0.0,0.0,0.0,0.0
Chart,23,1,normal,9504.0,0.0,0.0,0.0
Chart,23,2,normal,0.0,0.0,0.0,0.0
Chart,23,3,normal,10553.6,0.0,0.0,0.0
Chart,23,4,normal,0.0,0.0,0.0,0.0
Chart,23,5,normal,17662.4,0.0,0.0,0.0
Chart,23,1,time,0.0,0.0,0.0,0.0
Chart,23,2,time,0.0,0.0,0.0,0.0
Chart,23,3,time,0.0,0.0,0.0,0.0
Chart,23,4,time,0.0,0.0,0.0,0.0
Chart,23,5,time,0.0,0.0,0.0,0.0
Chart,23,1,mem,0.0,0.0,0.0,0.0
Chart,23,2,mem,0.0,0.0,0.0,0.0
Chart,23,3,mem,13040.0,0.0,0.0,0.0
Chart,23,4,mem,0.0,0.0,0.0,0.0
Chart,23,5,mem,0.0,0.0,0.0,0.0
Chart,24,1,normal,0.0,0.0,0.0,0.0
Chart,24,2,normal,0.0,0.0,0.0,0.0
Chart,24,3,normal,0.0,0.0,0.0,0.0
Chart,24,4,normal,0.0,0.0,0.0,0.0
Chart,24,5,normal,0.0,0.0,0.0,0.0
Chart,24,1,time,0.0,0.0,0.0,0.0
Chart,24,2,time,0.0,0.0,0.0,0.0
Chart,24,3,time,0.0,0.0,0.0,0.0
Chart,24,4,time,0.0,0.0,0.0,0.0
Chart,24,5,time,0.0,0.0,0.0,0.0
Chart,24,1,mem,0.0,0.0,0.0,0.0
Chart,24,2,mem,0.0,0.0,0.0,0.0
Chart,24,3,mem,0.0,0.0,0.0,0.0
Chart,24,4,mem,0.0,0.0,0.0,0.0
Chart,24,5,mem,0.0,0.0,0.0,0.0
Chart,3,1,normal,0.0,0.0,0.0,0.0
Chart,3,2,normal,0.0,0.0,0.0,0.0
Chart,3,3,normal,0.0,0.0,0.0,0.0
Chart,3,4,normal,0.0,0.0,0.0,0.0
Chart,3,5,normal,0.0,0.0,0.0,0.0
Chart,3,1,time,0.0,0.0,0.0,0.0
Chart,3,2,time,0.0,0.0,0.0,0.0
Chart,3,3,time,0.0,0.0,0.0,0.0
Chart,3,4,time,0.0,0.0,0.0,0.0
Chart,3,5,time,0.0,0.0,0.0,0.0
Chart,3,1,mem,0.0,0.0,0.0,0.0
Chart,3,2,mem,0.0,0.0,0.0,0.0
Chart,3,3,mem,0.0,0.0,0.0,0.0
Chart,3,4,mem,0.0,0.0,0.0,0.0
Chart,3,5,mem,0.0,0.0,0.0,0.0
Chart,6,1,normal,7336.0,15465.6,0.0,0.0
Chart,6,2,normal,0.0,0.0,0.0,0.0
Chart,6,3,normal,18284.8,8649.6,0.0,0.0
Chart,6,4,normal,8819.2,21766.4,0.0,0.0
Chart,6,5,normal,6350.4,9950.4,0.0,0.0
Chart,6,1,time,0.0,0.0,0.0,0.0
Chart,6,2,time,14000.0,9096.0,0.0,0.0
Chart,6,3,time,11635.2,10099.2,0.0,0.0
Chart,6,4,time,9940.8,19884.8,0.0,0.0
Chart,6,5,time,13832.0,19638.4,0.0,0.0
Chart,6,1,mem,13760.0,22259.2,0.0,0.0
Chart,6,2,mem,0.0,0.0,0.0,0.0
Chart,6,3,mem,14664.0,13155.2,0.0,0.0
Chart,6,4,mem,9734.4,16454.4,0.0,0.0
Chart,6,5,mem,30232.0,12201.6,0.0,0.0
Chart,7,1,normal,0.0,0.0,0.0,0.0
Chart,7,2,normal,0.0,0.0,0.0,0.0
Chart,7,3,normal,0.0,0.0,0.0,0.0
Chart,7,4,normal,0.0,0.0,0.0,0.0
Chart,7,5,normal,0.0,0.0,0.0,0.0
Chart,7,1,time,0.0,0.0,0.0,0.0
Chart,7,2,time,0.0,0.0,0.0,0.0
Chart,7,3,time,0.0,0.0,0.0,0.0
Chart,7,4,time,0.0,0.0,0.0,0.0
Chart,7,5,time,0.0,0.0,0.0,0.0
Chart,7,1,mem,0.0,0.0,0.0,0.0
Chart,7,2,mem,0.0,0.0,0.0,0.0
Chart,7,3,mem,0.0,0.0,0.0,0.0
Chart,7,4,mem,0.0,0.0,0.0,0.0
Chart,7,5,mem,0.0,0.0,0.0,0.0
Chart,8,1,normal,0.0,0.0,0.0,0.0
Chart,8,2,normal,0.0,0.0,0.0,0.0
Chart,8,3,normal,0.0,0.0,0.0,0.0
Chart,8,4,normal,0.0,0.0,0.0,0.0
Chart,8,5,normal,0.0,0.0,0.0,0.0
Chart,8,1,time,0.0,0.0,0.0,0.0
Chart,8,2,time,0.0,0.0,0.0,0.0
Chart,8,3,time,0.0,0.0,0.0,0.0
Chart,8,4,time,0.0,0.0,0.0,0.0
Chart,8,5,time,0.0,0.0,0.0,0.0
Chart,8,1,mem,0.0,0.0,0.0,0.0
Chart,8,2,mem,0.0,0.0,0.0,0.0
Chart,8,3,mem,0.0,0.0,0.0,0.0
Chart,8,4,mem,0.0,0.0,0.0,0.0
Chart,8,5,mem,0.0,0.0,0.0,0.0
Compress,12,1,normal,0.0,0.0,0.0,0.0
Compress,12,2,normal,0.0,0.0,0.0,0.0
Compress,12,3,normal,0.0,25.6,0.0,0.0
Compress,12,4,normal,76.8,36.8,0.0,0.0
Compress,12,5,normal,0.0,0.0,0.0,0.0
Compress,12,1,time,28.8,0.0,0.0,0.0
Compress,12,2,time,16.0,9.6,0.0,0.0
Compress,12,3,time,0.0,0.0,0.0,0.0
Compress,12,4,time,54.4,68.8,0.0,0.0
Compress,12,5,time,0.0,91.2,0.0,0.0
Compress,12,1,mem,0.0,0.0,0.0,0.0
Compress,12,2,mem,0.0,0.0,0.0,0.0
Compress,12,3,mem,14.4,54.4,0.0,0.0
Compress,12,4,mem,89.6,65.6,0.0,0.0
Compress,12,5,mem,0.0,0.0,0.0,0.0
Compress,13,1,normal,0.0,0.0,0.0,0.0
Compress,13,2,normal,0.0,0.0,0.0,0.0
Compress,13,3,normal,0.0,0.0,0.0,0.0
Compress,13,4,normal,0.0,0.0,0.0,0.0
Compress,13,5,normal,0.0,0.0,0.0,0.0
Compress,13,1,time,0.0,6.4,0.0,0.0
Compress,13,2,time,0.0,0.0,0.0,0.0
Compress,13,3,time,0.0,0.0,0.0,0.0
Compress,13,4,time,0.0,0.0,0.0,0.0
Compress,13,5,time,0.0,0.0,0.0,0.0
Compress,13,1,mem,0.0,0.0,0.0,0.0
Compress,13,2,mem,0.0,0.0,0.0,0.0
Compress,13,3,mem,0.0,0.0,0.0,0.0
Compress,13,4,mem,0.0,0.0,0.0,0.0
Compress,13,5,mem,0.0,0.0,0.0,0.0
Compress,14,1,normal,0.0,0.0,0.0,0.0
Compress,14,2,normal,0.0,0.0,0.0,0.0
Compress,14,3,normal,36.8,28.8,0.0,0.0
Compress,14,4,normal,0.0,0.0,0.0,0.0
Compress,14,5,normal,0.0,0.0,0.0,0.0
Compress,14,1,time,0.0,0.0,0.0,0.0
Compress,14,2,time,0.0,0.0,0.0,0.0
Compress,14,3,time,28.8,0.0,0.0,0.0
Compress,14,4,time,0.0,0.0,0.0,0.0
Compress,14,5,time,25.6,25.6,0.0,0.0
Compress,14,1,mem,0.0,0.0,0.0,0.0
Compress,14,2,mem,28.8,0.0,0.0,0.0
Compress,14,3,mem,0.0,0.0,0.0,0.0
Compress,14,4,mem,0.0,0.0,0.0,0.0
Compress,14,5,mem,0.0,0.0,0.0,0.0
Compress,15,1,normal,0.0,0.0,0.0,0.0
Compress,15,2,normal,0.0,0.0,0.0,0.0
Compress,15,3,normal,0.0,0.0,0.0,0.0
Compress,15,4,normal,0.0,0.0,0.0,0.0
Compress,15,5,normal,0.0,0.0,0.0,0.0
Compress,15,1,time,0.0,0.0,0.0,0.0
Compress,15,2,time,0.0,0.0,0.0,0.0
Compress,15,3,time,0.0,0.0,0.0,0.0
Compress,15,4,time,0.0,0.0,0.0,0.0
Compress,15,5,time,0.0,0.0,0.0,0.0
Compress,15,1,mem,0.0,0.0,0.0,0.0
Compress,15,2,mem,0.0,0.0,0.0,0.0
Compress,15,3,mem,0.0,0.0,0.0,0.0
Compress,15,4,mem,0.0,0.0,0.0,0.0
Compress,15,5,mem,0.0,0.0,0.0,0.0
Compress,16,1,normal,0.0,0.0,0.0,0.0
Compress,16,2,normal,0.0,0.0,0.0,0.0
Compress,16,3,normal,0.0,0.0,0.0,0.0
Compress,16,4,normal,2464.0,1168.0,0.0,0.0
Compress,16,5,normal,0.0,0.0,0.0,0.0
Compress,16,1,time,0.0,0.0,0.0,0.0
Compress,16,2,time,0.0,0.0,0.0,0.0
Compress,16,3,time,0.0,0.0,0.0,0.0
Compress,16,4,time,0.0,0.0,0.0,0.0
Compress,16,5,time,0.0,0.0,0.0,0.0
Compress,16,1,mem,0.0,0.0,0.0,0.0
Compress,16,2,mem,0.0,0.0,0.0,0.0
Compress,16,3,mem,0.0,0.0,0.0,0.0
Compress,16,4,mem,0.0,0.0,0.0,0.0
Compress,16,5,mem,0.0,0.0,0.0,0.0
Compress,17,1,normal,0.0,0.0,0.0,0.0
Compress,17,2,normal,0.0,0.0,0.0,0.0
Compress,17,3,normal,0.0,0.0,0.0,0.0
Compress,17,4,normal,0.0,0.0,0.0,0.0
Compress,17,5,normal,0.0,0.0,0.0,0.0
Compress,17,1,time,0.0,0.0,0.0,0.0
Compress,17,2,time,0.0,0.0,0.0,0.0
Compress,17,3,time,0.0,0.0,0.0,0.0
Compress,17,4,time,0.0,0.0,0.0,0.0
Compress,17,5,time,0.0,0.0,0.0,0.0
Compress,17,1,mem,0.0,0.0,0.0,0.0
Compress,17,2,mem,0.0,0.0,0.0,0.0
Compress,17,3,mem,0.0,0.0,0.0,0.0
Compress,17,4,mem,0.0,0.0,0.0,0.0
Compress,17,5,mem,0.0,0.0,0.0,0.0
Compress,18,1,normal,36.8,0.0,0.0,0.0
Compress,18,2,normal,68.8,0.0,0.0,0.0
Compress,18,3,normal,0.0,0.0,0.0,0.0
Compress,18,4,normal,0.0,0.0,0.0,0.0
Compress,18,5,normal,0.0,0.0,0.0,0.0
Compress,18,1,time,0.0,100.8,0.0,0.0
Compress,18,2,time,73.6,0.0,0.0,0.0
Compress,18,3,time,0.0,0.0,0.0,0.0
Compress,18,4,time,0.0,0.0,0.0,0.0
Compress,18,5,time,0.0,0.0,0.0,0.0
Compress,18,1,mem,0.0,0.0,0.0,0.0
Compress,18,2,mem,0.0,0.0,0.0,0.0
Compress,18,3,mem,0.0,0.0,0.0,0.0
Compress,18,4,mem,0.0,0.0,0.0,0.0
Compress,18,5,mem,0.0,0.0,0.0,0.0
Compress,19,1,normal,0.0,0.0,0.0,0.0
Compress,19,2,normal,0.0,0.0,0.0,0.0
Compress,19,3,normal,0.0,0.0,0.0,0.0
Compress,19,4,normal,0.0,0.0,0.0,0.0
Compress,19,5,normal,0.0,0.0,0.0,0.0
Compress,19,1,time,0.0,0.0,0.0,0.0
Compress,19,2,time,0.0,0.0,0.0,0.0
Compress,19,3,time,0.0,0.0,0.0,0.0
Compress,19,4,time,0.0,0.0,0.0,0.0
Compress,19,5,time,0.0,0.0,0.0,0.0
Compress,19,1,mem,0.0,0.0,0.0,0.0
Compress,19,2,mem,0.0,0.0,0.0,0.0
Compress,19,3,mem,0.0,0.0,0.0,0.0
Compress,19,4,mem,0.0,0.0,0.0,0.0
Compress,19,5,mem,0.0,0.0,0.0,0.0
Compress,1,1,normal,0.0,0.0,0.0,0.0
Compress,1,2,normal,0.0,0.0,0.0,0.0
Compress,1,3,normal,0.0,0.0,0.0,0.0
Compress,1,4,normal,0.0,0.0,0.0,0.0
Compress,1,5,normal,0.0,0.0,0.0,0.0
Compress,1,1,time,0.0,0.0,0.0,0.0
Compress,1,2,time,0.0,0.0,0.0,0.0
Compress,1,3,time,0.0,0.0,0.0,0.0
Compress,1,4,time,0.0,0.0,0.0,0.0
Compress,1,5,time,0.0,0.0,0.0,0.0
Compress,1,1,mem,46.4,0.0,0.0,0.0
Compress,1,2,mem,0.0,9.6,0.0,0.0
Compress,1,3,mem,0.0,0.0,0.0,0.0
Compress,1,4,mem,238.4,4.8,0.0,0.0
Compress,1,5,mem,0.0,0.0,0.0,0.0
Compress,21,1,normal,0.0,0.0,0.0,0.0
Compress,21,2,normal,0.0,0.0,0.0,0.0
Compress,21,3,normal,0.0,0.0,0.0,0.0
Compress,21,4,normal,0.0,0.0,0.0,0.0
Compress,21,5,normal,0.0,0.0,0.0,0.0
Compress,21,1,time,0.0,0.0,0.0,0.0
Compress,21,2,time,0.0,0.0,0.0,0.0
Compress,21,3,time,0.0,0.0,0.0,0.0
Compress,21,4,time,0.0,0.0,0.0,0.0
Compress,21,5,time,0.0,0.0,0.0,0.0
Compress,21,1,mem,0.0,0.0,0.0,0.0
Compress,21,2,mem,0.0,0.0,0.0,0.0
Compress,21,3,mem,0.0,0.0,0.0,0.0
Compress,21,4,mem,0.0,0.0,0.0,0.0
Compress,21,5,mem,0.0,0.0,0.0,0.0
Compress,23,1,normal,8388705.6,5033196.8,150.4,232.0
Compress,23,2,normal,6710969.6,8388708.8,3470.4,158.4
Compress,23,3,normal,6724070.4,6724027.2,160.0,233.6
Compress,23,4,normal,8388635.2,8388708.8,179.2,3465.6
Compress,23,5,normal,8388638.4,5033249.6,156.8,169.6
Compress,23,1,time,8388664.0,6710910.4,185.6,121.6
Compress,23,2,time,8388862.4,3565217.6,177.6,153.6
Compress,23,3,time,6710937.6,6710902.4,155.2,3454.4
Compress,23,4,time,8388686.4,6711286.4,193.6,128.0
Compress,23,5,time,1678324.8,8388665.6,161.6,3436.8
Compress,23,1,mem,6724921.6,8388681.6,144.0,145.6
Compress,23,2,mem,8388648.0,3355470.4,158.4,168.0
Compress,23,3,mem,5033174.4,3359081.6,3412.8,155.2
Compress,23,4,mem,5033248.0,6710944.0,172.8,163.2
Compress,23,5,mem,6710928.0,6712592.0,176.0,211.2
Compress,24,1,normal,0.0,0.0,0.0,0.0
Compress,24,2,normal,0.0,0.0,0.0,0.0
Compress,24,3,normal,0.0,0.0,0.0,0.0
Compress,24,4,normal,0.0,0.0,0.0,0.0
Compress,24,5,normal,0.0,0.0,0.0,0.0
Compress,24,1,time,0.0,0.0,0.0,0.0
Compress,24,2,time,0.0,0.0,0.0,0.0
Compress,24,3,time,0.0,0.0,0.0,0.0
Compress,24,4,time,0.0,0.0,0.0,0.0
Compress,24,5,time,0.0,0.0,0.0,0.0
Compress,24,1,mem,0.0,0.0,0.0,0.0
Compress,24,2,mem,0.0,0.0,0.0,0.0
Compress,24,3,mem,0.0,0.0,0.0,0.0
Compress,24,4,mem,0.0,0.0,0.0,0.0
Compress,24,5,mem,0.0,0.0,0.0,0.0
Compress,25,1,normal,0.0,0.0,0.0,0.0
Compress,25,2,normal,0.0,0.0,0.0,0.0
Compress,25,3,normal,0.0,0.0,0.0,0.0
Compress,25,4,normal,0.0,0.0,0.0,0.0
Compress,25,5,normal,0.0,0.0,0.0,0.0
Compress,25,1,time,0.0,0.0,0.0,0.0
Compress,25,2,time,0.0,0.0,0.0,0.0
Compress,25,3,time,0.0,0.0,0.0,0.0
Compress,25,4,time,0.0,0.0,0.0,0.0
Compress,25,5,time,0.0,0.0,0.0,0.0
Compress,25,1,mem,0.0,0.0,0.0,0.0
Compress,25,2,mem,0.0,0.0,0.0,0.0
Compress,25,3,mem,0.0,0.0,0.0,0.0
Compress,25,4,mem,0.0,0.0,0.0,0.0
Compress,25,5,mem,0.0,0.0,0.0,0.0
Compress,26,1,normal,4112.0,4112.0,0.0,0.0
Compress,26,2,normal,4112.0,4112.0,0.0,0.0
Compress,26,3,normal,3289.6,4112.0,0.0,0.0
Compress,26,4,normal,0.0,0.0,0.0,0.0
Compress,26,5,normal,4112.0,4112.0,0.0,0.0
Compress,26,1,time,0.0,0.0,0.0,0.0
Compress,26,2,time,4112.0,4112.0,0.0,0.0
Compress,26,3,time,4112.0,4112.0,0.0,0.0
Compress,26,4,time,4112.0,4112.0,0.0,0.0
Compress,26,5,time,4112.0,3289.6,0.0,0.0
Compress,26,1,mem,4112.0,3289.6,0.0,0.0
Compress,26,2,mem,0.0,0.0,0.0,0.0
Compress,26,3,mem,4112.0,4112.0,0.0,0.0
Compress,26,4,mem,3289.6,4112.0,0.0,0.0
Compress,26,5,mem,4112.0,3289.6,0.0,0.0
Compress,27,1,normal,0.0,0.0,0.0,0.0
Compress,27,2,normal,0.0,0.0,0.0,0.0
Compress,27,3,normal,0.0,0.0,0.0,0.0
Compress,27,4,normal,0.0,0.0,0.0,0.0
Compress,27,5,normal,0.0,0.0,0.0,0.0
Compress,27,1,time,0.0,0.0,0.0,0.0
Compress,27,2,time,0.0,0.0,0.0,0.0
Compress,27,3,time,0.0,0.0,0.0,0.0
Compress,27,4,time,0.0,0.0,0.0,0.0
Compress,27,5,time,0.0,0.0,0.0,0.0
Compress,27,1,mem,0.0,0.0,0.0,0.0
Compress,27,2,mem,0.0,0.0,0.0,0.0
Compress,27,3,mem,0.0,0.0,0.0,0.0
Compress,27,4,mem,0.0,0.0,0.0,0.0
Compress,27,5,mem,0.0,0.0,0.0,0.0
Compress,28,1,normal,1901076.8,216860.8,16.0,65.6
Compress,28,2,normal,323172.8,2110152.0,22.4,11.2
Compress,28,3,normal,3866302.4,590697.6,35.2,12.8
Compress,28,4,normal,294732.8,1703819.2,456.0,408.0
Compress,28,5,normal,314620.8,2192070.4,25.6,491.2
Compress,28,1,time,0.0,0.0,30.4,11.2
Compress,28,2,time,226628.8,113126.4,440.0,1627.2
Compress,28,3,time,122934.4,2175304.0,0.0,11.2
Compress,28,4,time,508206.4,1698126.4,835.2,62.4
Compress,28,5,time,411088.0,415641.6,428.8,475.2
Compress,28,1,mem,687764.8,2193683.2,0.0,6.4
Compress,28,2,mem,116723.2,3487056.0,6.4,62.4
Compress,28,3,mem,322857.6,112673.6,441.6,56.0
Compress,28,4,mem,218115.2,1976179.2,12.8,11.2
Compress,28,5,mem,1804188.8,2002961.6,6.4,435.2
Compress,30,1,normal,320921.6,1682649.6,75.2,9.6
Compress,30,2,normal,1641.6,126172.8,65.6,129.6
Compress,30,3,normal,1863065.6,183286.4,19.2,452.8
Compress,30,4,normal,1641.6,194755.2,456.0,62.4
Compress,30,5,normal,1681427.2,587536.0,0.0,84.8
Compress,30,1,time,184928.0,183286.4,20.8,46.4
Compress,30,2,time,3283.2,1641.6,27.2,17.6
Compress,30,3,time,214419.2,3355449.6,120.0,56.0
Compress,30,4,time,1875763.2,3283.2,0.0,508.8
Compress,30,5,time,209507.2,181644.8,65.6,19.2
Compress,30,1,mem,1785868.8,106529.6,9.6,14.4
Compress,30,2,mem,184982.4,2070.4,80.0,65.6
Compress,30,3,mem,193113.6,1646.4,484.8,0.0
Compress,30,4,mem,181644.8,1702313.6,452.8,470.4
Compress,30,5,mem,5427824.0,1696113.6,488.0,107.2
Compress,31,1,normal,0.0,0.0,0.0,0.0
Compress,31,2,normal,0.0,0.0,0.0,0.0
Compress,31,3,normal,0.0,0.0,0.0,0.0
Compress,31,4,normal,0.0,0.0,0.0,0.0
Compress,31,5,normal,0.0,0.0,0.0,0.0
Compress,31,1,time,0.0,0.0,0.0,0.0
Compress,31,2,time,0.0,0.0,0.0,0.0
Compress,31,3,time,0.0,0.0,0.0,0.0
Compress,31,4,time,0.0,0.0,0.0,0.0
Compress,31,5,time,0.0,0.0,0.0,0.0
Compress,31,1,mem,0.0,0.0,0.0,0.0
Compress,31,2,mem,0.0,0.0,0.0,0.0
Compress,31,3,mem,0.0,0.0,0.0,0.0
Compress,31,4,mem,0.0,0.0,0.0,0.0
Compress,31,5,mem,0.0,0.0,0.0,0.0
Compress,32,1,normal,0.0,0.0,0.0,0.0
Compress,32,2,normal,0.0,0.0,0.0,0.0
Compress,32,3,normal,0.0,0.0,0.0,0.0
Compress,32,4,normal,0.0,0.0,0.0,0.0
Compress,32,5,normal,0.0,0.0,0.0,0.0
Compress,32,1,time,0.0,0.0,0.0,0.0
Compress,32,2,time,0.0,0.0,0.0,0.0
Compress,32,3,time,0.0,0.0,0.0,0.0
Compress,32,4,time,0.0,0.0,0.0,0.0
Compress,32,5,time,0.0,0.0,0.0,0.0
Compress,32,1,mem,0.0,0.0,0.0,0.0
Compress,32,2,mem,0.0,0.0,0.0,0.0
Compress,32,3,mem,0.0,0.0,0.0,0.0
Compress,32,4,mem,0.0,0.0,0.0,0.0
Compress,32,5,mem,0.0,0.0,0.0,0.0
Compress,36,1,normal,0.0,0.0,0.0,0.0
Compress,36,2,normal,0.0,0.0,0.0,0.0
Compress,36,3,normal,0.0,0.0,0.0,0.0
Compress,36,4,normal,0.0,0.0,0.0,0.0
Compress,36,5,normal,0.0,0.0,0.0,0.0
Compress,36,1,time,0.0,0.0,0.0,0.0
Compress,36,2,time,0.0,0.0,0.0,0.0
Compress,36,3,time,0.0,0.0,0.0,0.0
Compress,36,4,time,0.0,0.0,0.0,0.0
Compress,36,5,time,0.0,0.0,0.0,0.0
Compress,36,1,mem,0.0,0.0,0.0,0.0
Compress,36,2,mem,0.0,0.0,0.0,0.0
Compress,36,3,mem,0.0,0.0,0.0,0.0
Compress,36,4,mem,0.0,0.0,0.0,0.0
Compress,36,5,mem,0.0,0.0,0.0,0.0
Compress,37,1,normal,0.0,0.0,0.0,0.0
Compress,37,2,normal,0.0,0.0,0.0,0.0
Compress,37,3,normal,0.0,0.0,0.0,0.0
Compress,37,4,normal,0.0,0.0,0.0,0.0
Compress,37,5,normal,0.0,0.0,0.0,0.0
Compress,37,1,time,0.0,0.0,0.0,0.0
Compress,37,2,time,0.0,0.0,0.0,0.0
Compress,37,3,time,0.0,0.0,0.0,0.0
Compress,37,4,time,0.0,0.0,0.0,0.0
Compress,37,5,time,0.0,0.0,0.0,0.0
Compress,37,1,mem,0.0,0.0,0.0,0.0
Compress,37,2,mem,0.0,0.0,0.0,0.0
Compress,37,3,mem,0.0,0.0,0.0,0.0
Compress,37,4,mem,0.0,0.0,0.0,0.0
Compress,37,5,mem,0.0,0.0,0.0,0.0
Compress,38,1,normal,97.6,70.4,0.0,0.0
Compress,38,2,normal,139.2,156.8,0.0,0.0
Compress,38,3,normal,124.8,89.6,0.0,0.0
Compress,38,4,normal,54.4,155.2,0.0,0.0
Compress,38,5,normal,4.8,28.8,0.0,0.0
Compress,38,1,time,84.8,116.8,0.0,0.0
Compress,38,2,time,217.6,110.4,0.0,0.0
Compress,38,3,time,128.0,12.8,0.0,0.0
Compress,38,4,time,0.0,0.0,0.0,0.0
Compress,38,5,time,49.6,64.0,0.0,0.0
Compress,38,1,mem,0.0,0.0,0.0,0.0
Compress,38,2,mem,0.0,0.0,0.0,0.0
Compress,38,3,mem,0.0,0.0,0.0,0.0
Compress,38,4,mem,248.0,36.8,0.0,0.0
Compress,38,5,mem,0.0,0.0,0.0,0.0
Compress,41,1,normal,0.0,0.0,0.0,0.0
Compress,41,2,normal,270.4,347.2,0.0,0.0
Compress,41,3,normal,1820.8,1849.6,0.0,0.0
Compress,41,4,normal,252.8,1912.0,0.0,0.0
Compress,41,5,normal,120.0,81.6,0.0,0.0
Compress,41,1,time,0.0,0.0,0.0,0.0
Compress,41,2,time,132.8,230.4,0.0,0.0
Compress,41,3,time,0.0,0.0,0.0,0.0
Compress,41,4,time,1105.6,219.2,0.0,0.0
Compress,41,5,time,0.0,0.0,0.0,0.0
Compress,41,1,mem,192.0,249.6,0.0,0.0
Compress,41,2,mem,139.2,1844.8,0.0,0.0
Compress,41,3,mem,0.0,0.0,0.0,0.0
Compress,41,4,mem,288.0,179.2,0.0,0.0
Compress,41,5,mem,0.0,0.0,0.0,0.0
Compress,44,1,normal,0.0,0.0,0.0,0.0
Compress,44,2,normal,0.0,0.0,0.0,0.0
Compress,44,3,normal,0.0,0.0,0.0,0.0
Compress,44,4,normal,0.0,0.0,0.0,0.0
Compress,44,5,normal,0.0,0.0,0.0,0.0
Compress,44,1,time,0.0,0.0,0.0,0.0
Compress,44,2,time,0.0,0.0,0.0,0.0
Compress,44,3,time,0.0,0.0,0.0,0.0
Compress,44,4,time,0.0,0.0,0.0,0.0
Compress,44,5,time,0.0,0.0,0.0,0.0
Compress,44,1,mem,0.0,0.0,0.0,0.0
Compress,44,2,mem,0.0,0.0,0.0,0.0
Compress,44,3,mem,0.0,0.0,0.0,0.0
Compress,44,4,mem,0.0,0.0,0.0,0.0
Compress,44,5,mem,0.0,0.0,0.0,0.0
Compress,45,1,normal,0.0,0.0,0.0,0.0
Compress,45,2,normal,0.0,0.0,0.0,0.0
Compress,45,3,normal,0.0,0.0,0.0,0.0
Compress,45,4,normal,0.0,0.0,0.0,0.0
Compress,45,5,normal,0.0,0.0,0.0,0.0
Compress,45,1,time,0.0,0.0,0.0,0.0
Compress,45,2,time,0.0,0.0,0.0,0.0
Compress,45,3,time,0.0,0.0,0.0,0.0
Compress,45,4,time,0.0,0.0,0.0,0.0
Compress,45,5,time,0.0,0.0,0.0,0.0
Compress,45,1,mem,0.0,0.0,0.0,0.0
Compress,45,2,mem,0.0,0.0,0.0,0.0
Compress,45,3,mem,0.0,0.0,0.0,0.0
Compress,45,4,mem,0.0,0.0,0.0,0.0
Compress,45,5,mem,0.0,0.0,0.0,0.0
Compress,46,1,normal,0.0,0.0,0.0,0.0
Compress,46,2,normal,0.0,0.0,0.0,0.0
Compress,46,3,normal,0.0,0.0,0.0,0.0
Compress,46,4,normal,0.0,0.0,0.0,0.0
Compress,46,5,normal,0.0,0.0,0.0,0.0
Compress,46,1,time,0.0,0.0,0.0,0.0
Compress,46,2,time,0.0,0.0,0.0,0.0
Compress,46,3,time,0.0,0.0,0.0,0.0
Compress,46,4,time,0.0,0.0,0.0,0.0
Compress,46,5,time,0.0,0.0,0.0,0.0
Compress,46,1,mem,0.0,0.0,0.0,0.0
Compress,46,2,mem,0.0,0.0,0.0,0.0
Compress,46,3,mem,0.0,0.0,0.0,0.0
Compress,46,4,mem,0.0,0.0,0.0,0.0
Compress,46,5,mem,0.0,0.0,0.0,0.0
Compress,5,1,normal,1641.6,0.0,0.0,0.0
Compress,5,2,normal,0.0,1641.6,0.0,0.0
Compress,5,3,normal,1641.6,0.0,0.0,0.0
Compress,5,4,normal,1641.6,0.0,0.0,0.0
Compress,5,5,normal,0.0,0.0,0.0,0.0
Compress,5,1,time,0.0,4924.8,0.0,0.0
Compress,5,2,time,0.0,0.0,0.0,0.0
Compress,5,3,time,0.0,0.0,0.0,0.0
Compress,5,4,time,1641.6,1641.6,0.0,0.0
Compress,5,5,time,0.0,0.0,0.0,0.0
Compress,5,1,mem,0.0,0.0,0.0,0.0
Compress,5,2,mem,0.0,0.0,0.0,0.0
Compress,5,3,mem,3283.2,0.0,0.0,0.0
Compress,5,4,mem,1641.6,0.0,0.0,0.0
Compress,5,5,mem,1641.6,1641.6,0.0,0.0
Compress,7,1,normal,0.0,0.0,0.0,0.0
Compress,7,2,normal,0.0,0.0,0.0,0.0
Compress,7,3,normal,0.0,4.8,0.0,0.0
Compress,7,4,normal,0.0,0.0,0.0,0.0
Compress,7,5,normal,0.0,0.0,0.0,0.0
Compress,7,1,time,0.0,0.0,0.0,0.0
Compress,7,2,time,0.0,0.0,0.0,0.0
Compress,7,3,time,0.0,0.0,0.0,0.0
Compress,7,4,time,0.0,0.0,0.0,0.0
Compress,7,5,time,0.0,0.0,0.0,0.0
Compress,7,1,mem,0.0,0.0,0.0,0.0
Compress,7,2,mem,0.0,0.0,0.0,0.0
Compress,7,3,mem,0.0,0.0,0.0,0.0
Compress,7,4,mem,0.0,0.0,0.0,0.0
Compress,7,5,mem,0.0,0.0,0.0,0.0
Compress,8,1,normal,0.0,0.0,0.0,0.0
Compress,8,2,normal,0.0,0.0,0.0,0.0
Compress,8,3,normal,0.0,0.0,0.0,0.0
Compress,8,4,normal,0.0,0.0,0.0,0.0
Compress,8,5,normal,0.0,0.0,0.0,0.0
Compress,8,1,time,0.0,0.0,0.0,0.0
Compress,8,2,time,0.0,0.0,0.0,0.0
Compress,8,3,time,0.0,0.0,0.0,0.0
Compress,8,4,time,0.0,0.0,0.0,0.0
Compress,8,5,time,0.0,0.0,0.0,0.0
Compress,8,1,mem,0.0,0.0,0.0,0.0
Compress,8,2,mem,0.0,0.0,0.0,0.0
Compress,8,3,mem,0.0,0.0,0.0,0.0
Compress,8,4,mem,0.0,0.0,0.0,0.0
Compress,8,5,mem,0.0,0.0,0.0,0.0
Csv,10,1,normal,0.0,0.0,0.0,0.0
Csv,10,2,normal,0.0,0.0,0.0,0.0
Csv,10,3,normal,0.0,0.0,0.0,0.0
Csv,10,4,normal,0.0,0.0,0.0,0.0
Csv,10,5,normal,0.0,0.0,0.0,0.0
Csv,10,1,time,0.0,0.0,0.0,0.0
Csv,10,2,time,0.0,0.0,0.0,0.0
Csv,10,3,time,0.0,0.0,0.0,0.0
Csv,10,4,time,0.0,0.0,0.0,0.0
Csv,10,5,time,0.0,0.0,0.0,0.0
Csv,10,1,mem,0.0,0.0,0.0,0.0
Csv,10,2,mem,0.0,0.0,0.0,0.0
Csv,10,3,mem,0.0,0.0,0.0,0.0
Csv,10,4,mem,0.0,0.0,0.0,0.0
Csv,10,5,mem,0.0,0.0,0.0,0.0
Csv,11,1,normal,0.0,0.0,0.0,0.0
Csv,11,2,normal,0.0,0.0,0.0,0.0
Csv,11,3,normal,0.0,0.0,0.0,0.0
Csv,11,4,normal,0.0,0.0,0.0,0.0
Csv,11,5,normal,0.0,0.0,0.0,0.0
Csv,11,1,time,0.0,0.0,0.0,0.0
Csv,11,2,time,0.0,0.0,0.0,0.0
Csv,11,3,time,0.0,0.0,0.0,0.0
Csv,11,4,time,0.0,0.0,0.0,0.0
Csv,11,5,time,0.0,0.0,0.0,0.0
Csv,11,1,mem,0.0,0.0,0.0,0.0
Csv,11,2,mem,0.0,0.0,0.0,0.0
Csv,11,3,mem,0.0,0.0,0.0,0.0
Csv,11,4,mem,0.0,0.0,0.0,0.0
Csv,11,5,mem,0.0,0.0,0.0,0.0
Csv,14,1,normal,0.0,0.0,0.0,0.0
Csv,14,2,normal,1715.2,1328.0,0.0,4.8
Csv,14,3,normal,1656.0,1750.4,0.0,4.8
Csv,14,4,normal,1360.0,1374.4,0.0,0.0
Csv,14,5,normal,867.2,1844.8,0.0,0.0
Csv,14,1,time,1784.0,1534.4,0.0,0.0
Csv,14,2,time,1012.8,1260.8,0.0,0.0
Csv,14,3,time,1211.2,1076.8,0.0,0.0
Csv,14,4,time,1363.2,2092.8,0.0,0.0
Csv,14,5,time,1457.6,1430.4,0.0,0.0
Csv,14,1,mem,0.0,0.0,0.0,0.0
Csv,14,2,mem,1347.2,814.4,0.0,0.0
Csv,14,3,mem,0.0,0.0,0.0,0.0
Csv,14,4,mem,0.0,0.0,0.0,0.0
Csv,14,5,mem,0.0,0.0,0.0,0.0
Csv,15,1,normal,1292.8,1289.6,0.0,0.0
Csv,15,2,normal,1172.8,945.6,0.0,0.0
Csv,15,3,normal,1483.2,1264.0,0.0,0.0
Csv,15,4,normal,1136.0,1574.4,0.0,0.0
Csv,15,5,normal,0.0,0.0,0.0,0.0
Csv,15,1,time,0.0,0.0,0.0,0.0
Csv,15,2,time,0.0,0.0,0.0,0.0
Csv,15,3,time,1758.4,1704.0,0.0,0.0
Csv,15,4,time,1515.2,1300.8,0.0,0.0
Csv,15,5,time,0.0,0.0,0.0,0.0
Csv,15,1,mem,0.0,0.0,0.0,0.0
Csv,15,2,mem,0.0,0.0,0.0,0.0
Csv,15,3,mem,1612.8,1212.8,0.0,0.0
Csv,15,4,mem,1336.0,2577.6,0.0,0.0
Csv,15,5,mem,1315.2,1596.8,0.0,0.0
Csv,1,1,normal,443.2,529.6,2086.4,2585.6
Csv,1,2,normal,0.0,912.0,2628.8,2590.4
Csv,1,3,normal,972.8,0.0,2572.8,2585.6
Csv,1,4,normal,529.6,985.6,2073.6,2611.2
Csv,1,5,normal,1059.2,972.8,2628.8,2585.6
Csv,1,1,time,0.0,456.0,2099.2,2584.0
Csv,1,2,time,1059.2,0.0,2585.6,2488.0
Csv,1,3,time,529.6,529.6,2585.6,2406.4
Csv,1,4,time,456.0,0.0,2532.8,2598.4
Csv,1,5,time,0.0,0.0,1579.2,2611.2
Csv,1,1,mem,0.0,456.0,2590.4,2598.4
Csv,1,2,mem,529.6,529.6,2611.2,1976.0
Csv,1,3,mem,0.0,0.0,2598.4,2628.8
Csv,1,4,mem,0.0,985.6,2603.2,2532.8
Csv,1,5,mem,456.0,0.0,2611.2,2611.2
Csv,2,1,normal,0.0,0.0,0.0,0.0
Csv,2,2,normal,0.0,0.0,0.0,0.0
Csv,2,3,normal,0.0,0.0,0.0,0.0
Csv,2,4,normal,0.0,0.0,0.0,0.0
Csv,2,5,normal,0.0,0.0,0.0,0.0
Csv,2,1,time,0.0,0.0,0.0,0.0
Csv,2,2,time,0.0,0.0,0.0,0.0
Csv,2,3,time,0.0,0.0,0.0,0.0
Csv,2,4,time,0.0,0.0,0.0,0.0
Csv,2,5,time,0.0,0.0,0.0,0.0
Csv,2,1,mem,0.0,0.0,0.0,0.0
Csv,2,2,mem,0.0,0.0,0.0,0.0
Csv,2,3,mem,0.0,0.0,0.0,0.0
Csv,2,4,mem,0.0,0.0,0.0,0.0
Csv,2,5,mem,0.0,0.0,0.0,0.0
Csv,3,1,normal,0.0,0.0,0.0,0.0
Csv,3,2,normal,0.0,0.0,0.0,0.0
Csv,3,3,normal,0.0,0.0,0.0,0.0
Csv,3,4,normal,0.0,0.0,0.0,0.0
Csv,3,5,normal,0.0,0.0,0.0,0.0
Csv,3,1,time,0.0,0.0,0.0,0.0
Csv,3,2,time,0.0,0.0,0.0,0.0
Csv,3,3,time,0.0,0.0,0.0,0.0
Csv,3,4,time,0.0,0.0,0.0,0.0
Csv,3,5,time,0.0,0.0,0.0,0.0
Csv,3,1,mem,0.0,0.0,0.0,0.0
Csv,3,2,mem,0.0,0.0,0.0,0.0
Csv,3,3,mem,0.0,0.0,0.0,0.0
Csv,3,4,mem,0.0,0.0,0.0,0.0
Csv,3,5,mem,0.0,0.0,0.0,0.0
Csv,4,1,normal,0.0,0.0,0.0,0.0
Csv,4,2,normal,0.0,0.0,0.0,0.0
Csv,4,3,normal,0.0,0.0,0.0,0.0
Csv,4,4,normal,0.0,0.0,0.0,0.0
Csv,4,5,normal,0.0,0.0,0.0,0.0
Csv,4,1,time,0.0,0.0,0.0,0.0
Csv,4,2,time,0.0,0.0,0.0,0.0
Csv,4,3,time,0.0,0.0,0.0,0.0
Csv,4,4,time,0.0,0.0,0.0,0.0
Csv,4,5,time,0.0,0.0,0.0,0.0
Csv,4,1,mem,0.0,0.0,0.0,0.0
Csv,4,2,mem,0.0,0.0,0.0,0.0
Csv,4,3,mem,0.0,0.0,0.0,0.0
Csv,4,4,mem,0.0,0.0,0.0,0.0
Csv,4,5,mem,0.0,0.0,0.0,0.0
Csv,5,1,normal,17.6,124.8,16400.0,81.6
Csv,5,2,normal,32.0,64.0,6560.0,6641.6
Csv,5,3,normal,0.0,118.4,9926.4,16400.0
Csv,5,4,normal,0.0,67.2,3280.0,3280.0
Csv,5,5,normal,0.0,118.4,0.0,13217.6
Csv,5,1,time,60.8,0.0,3280.0,9840.0
Csv,5,2,time,0.0,118.4,3280.0,16400.0
Csv,5,3,time,32.0,0.0,16400.0,0.0
Csv,5,4,time,0.0,35.2,16400.0,16400.0
Csv,5,5,time,17.6,78.4,13201.6,6641.6
Csv,5,1,mem,32.0,32.0,3280.0,6560.0
Csv,5,2,mem,17.6,236.8,9840.0,3280.0
Csv,5,3,mem,0.0,0.0,6560.0,9937.6
Csv,5,4,mem,32.0,17.6,6560.0,9840.0
Csv,5,5,mem,0.0,0.0,0.0,0.0
Csv,6,1,normal,0.0,0.0,0.0,0.0
Csv,6,2,normal,0.0,0.0,0.0,0.0
Csv,6,3,normal,0.0,0.0,0.0,0.0
Csv,6,4,normal,0.0,0.0,0.0,0.0
Csv,6,5,normal,0.0,0.0,0.0,0.0
Csv,6,1,time,0.0,0.0,0.0,0.0
Csv,6,2,time,6.4,0.0,0.0,0.0
Csv,6,3,time,0.0,0.0,0.0,0.0
Csv,6,4,time,0.0,0.0,0.0,0.0
Csv,6,5,time,0.0,0.0,0.0,0.0
Csv,6,1,mem,0.0,0.0,0.0,0.0
Csv,6,2,mem,0.0,0.0,0.0,0.0
Csv,6,3,mem,0.0,0.0,0.0,0.0
Csv,6,4,mem,0.0,0.0,0.0,0.0
Csv,6,5,mem,0.0,0.0,0.0,0.0
Csv,9,1,normal,0.0,0.0,0.0,0.0
Csv,9,2,normal,0.0,0.0,0.0,0.0
Csv,9,3,normal,0.0,0.0,0.0,0.0
Csv,9,4,normal,0.0,0.0,0.0,0.0
Csv,9,5,normal,30.4,0.0,0.0,0.0
Csv,9,1,time,0.0,0.0,0.0,0.0
Csv,9,2,time,0.0,0.0,0.0,0.0
Csv,9,3,time,0.0,0.0,0.0,0.0
Csv,9,4,time,0.0,0.0,0.0,0.0
Csv,9,5,time,0.0,0.0,0.0,0.0
Csv,9,1,mem,0.0,0.0,0.0,0.0
Csv,9,2,mem,0.0,0.0,0.0,0.0
Csv,9,3,mem,0.0,0.0,0.0,0.0
Csv,9,4,mem,0.0,0.0,0.0,0.0
Csv,9,5,mem,0.0,0.0,0.0,0.0
Jsoup,10,1,normal,0.0,0.0,0.0,0.0
Jsoup,10,2,normal,0.0,0.0,0.0,0.0
Jsoup,10,3,normal,0.0,0.0,0.0,0.0
Jsoup,10,4,normal,0.0,0.0,0.0,0.0
Jsoup,10,5,normal,0.0,0.0,0.0,0.0
Jsoup,10,1,time,0.0,0.0,0.0,0.0
Jsoup,10,2,time,0.0,0.0,0.0,0.0
Jsoup,10,3,time,0.0,0.0,0.0,0.0
Jsoup,10,4,time,0.0,0.0,0.0,0.0
Jsoup,10,5,time,0.0,0.0,0.0,0.0
Jsoup,10,1,mem,0.0,0.0,0.0,0.0
Jsoup,10,2,mem,0.0,0.0,0.0,0.0
Jsoup,10,3,mem,0.0,0.0,0.0,0.0
Jsoup,10,4,mem,0.0,0.0,0.0,0.0
Jsoup,10,5,mem,0.0,0.0,0.0,0.0
Jsoup,13,1,normal,0.0,0.0,0.0,0.0
Jsoup,13,2,normal,0.0,0.0,0.0,0.0
Jsoup,13,3,normal,0.0,0.0,0.0,0.0
Jsoup,13,4,normal,0.0,0.0,0.0,0.0
Jsoup,13,5,normal,0.0,0.0,0.0,0.0
Jsoup,13,1,time,0.0,0.0,0.0,0.0
Jsoup,13,2,time,0.0,0.0,0.0,0.0
Jsoup,13,3,time,0.0,0.0,0.0,0.0
Jsoup,13,4,time,0.0,0.0,0.0,0.0
Jsoup,13,5,time,0.0,0.0,0.0,0.0
Jsoup,13,1,mem,0.0,0.0,0.0,0.0
Jsoup,13,2,mem,0.0,0.0,0.0,0.0
Jsoup,13,3,mem,0.0,0.0,0.0,0.0
Jsoup,13,4,mem,0.0,0.0,0.0,0.0
Jsoup,13,5,mem,0.0,0.0,0.0,0.0
Jsoup,19,1,normal,25.6,0.0,0.0,0.0
Jsoup,19,2,normal,9.6,28.8,0.0,0.0
Jsoup,19,3,normal,0.0,0.0,0.0,0.0
Jsoup,19,4,normal,0.0,0.0,0.0,0.0
Jsoup,19,5,normal,0.0,0.0,0.0,0.0
Jsoup,19,1,time,0.0,0.0,0.0,0.0
Jsoup,19,2,time,0.0,0.0,0.0,0.0
Jsoup,19,3,time,0.0,0.0,0.0,0.0
Jsoup,19,4,time,0.0,0.0,0.0,0.0
Jsoup,19,5,time,0.0,0.0,0.0,0.0
Jsoup,19,1,mem,0.0,0.0,0.0,0.0
Jsoup,19,2,mem,0.0,0.0,0.0,0.0
Jsoup,19,3,mem,0.0,28.8,0.0,0.0
Jsoup,19,4,mem,0.0,0.0,0.0,0.0
Jsoup,19,5,mem,0.0,16.0,0.0,0.0
Jsoup,1,1,normal,1916.8,57.6,0.0,0.0
Jsoup,1,2,normal,4974.4,110.4,0.0,0.0
Jsoup,1,3,normal,0.0,0.0,0.0,0.0
Jsoup,1,4,normal,68.8,78.4,0.0,0.0
Jsoup,1,5,normal,0.0,0.0,0.0,0.0
Jsoup,1,1,time,0.0,0.0,0.0,0.0
Jsoup,1,2,time,0.0,0.0,0.0,0.0
Jsoup,1,3,time,1708.8,1763.2,0.0,0.0
Jsoup,1,4,time,70.4,1686.4,0.0,0.0
Jsoup,1,5,time,0.0,0.0,0.0,0.0
Jsoup,1,1,mem,97.6,28.8,0.0,0.0
Jsoup,1,2,mem,0.0,0.0,0.0,0.0
Jsoup,1,3,mem,0.0,0.0,0.0,0.0
Jsoup,1,4,mem,0.0,0.0,0.0,0.0
Jsoup,1,5,mem,0.0,0.0,0.0,0.0
Jsoup,20,1,normal,4931.2,8030.4,0.0,0.0
Jsoup,20,2,normal,5846.4,5568.0,0.0,0.0
Jsoup,20,3,normal,7446.4,3270.4,0.0,0.0
Jsoup,20,4,normal,11318.4,10236.8,0.0,0.0
Jsoup,20,5,normal,10988.8,6980.8,0.0,0.0
Jsoup,20,1,time,9177.6,8121.6,0.0,0.0
Jsoup,20,2,time,11297.6,6955.2,0.0,0.0
Jsoup,20,3,time,8019.2,10691.2,0.0,0.0
Jsoup,20,4,time,8052.8,6972.8,0.0,0.0
Jsoup,20,5,time,7500.8,8030.4,0.0,0.0
Jsoup,20,1,mem,3732.8,8504.0,0.0,0.0
Jsoup,20,2,mem,10372.8,6515.2,0.0,0.0
Jsoup,20,3,mem,6872.0,3716.8,0.0,0.0
Jsoup,20,4,mem,0.0,0.0,0.0,0.0
Jsoup,20,5,mem,4804.8,11899.2,0.0,0.0
Jsoup,24,1,normal,155.2,254.4,8208.0,8208.0
Jsoup,24,2,normal,100.8,225.6,8208.0,8208.0
Jsoup,24,3,normal,105.6,68.8,8208.0,8208.0
Jsoup,24,4,normal,0.0,0.0,8208.0,8208.0
Jsoup,24,5,normal,179.2,142.4,8208.0,8208.0
Jsoup,24,1,time,0.0,0.0,0.0,0.0
Jsoup,24,2,time,160.0,169.6,8208.0,8208.0
Jsoup,24,3,time,132.8,153.6,6566.4,8208.0
Jsoup,24,4,time,163.2,235.2,8208.0,8208.0
Jsoup,24,5,time,184.0,203.2,8208.0,8208.0
Jsoup,24,1,mem,216.0,168.0,8208.0,8208.0
Jsoup,24,2,mem,88.0,147.2,8208.0,8208.0
Jsoup,24,3,mem,0.0,0.0,8208.0,8208.0
Jsoup,24,4,mem,0.0,0.0,8208.0,8208.0
Jsoup,24,5,mem,0.0,0.0,6566.4,8208.0
Jsoup,26,1,normal,3385.6,140.8,0.0,0.0
Jsoup,26,2,normal,115.2,139.2,0.0,0.0
Jsoup,26,3,normal,96.0,105.6,0.0,0.0
Jsoup,26,4,normal,155.2,156.8,0.0,0.0
Jsoup,26,5,normal,64.0,131.2,0.0,0.0
Jsoup,26,1,time,168.0,222.4,0.0,0.0
Jsoup,26,2,time,0.0,0.0,0.0,0.0
Jsoup,26,3,time,145.6,116.8,0.0,0.0
Jsoup,26,4,time,123.2,299.2,0.0,0.0
Jsoup,26,5,time,59.2,142.4,0.0,0.0
Jsoup,26,1,mem,104.0,168.0,0.0,0.0
Jsoup,26,2,mem,182.4,142.4,0.0,0.0
Jsoup,26,3,mem,0.0,0.0,0.0,0.0
Jsoup,26,4,mem,49.6,104.0,0.0,0.0
Jsoup,26,5,mem,0.0,0.0,0.0,0.0
Jsoup,27,1,normal,0.0,0.0,0.0,0.0
Jsoup,27,2,normal,0.0,0.0,0.0,0.0
Jsoup,27,3,normal,0.0,0.0,0.0,0.0
Jsoup,27,4,normal,0.0,0.0,0.0,0.0
Jsoup,27,5,normal,0.0,0.0,0.0,0.0
Jsoup,27,1,time,0.0,0.0,0.0,0.0
Jsoup,27,2,time,0.0,0.0,0.0,0.0
Jsoup,27,3,time,0.0,0.0,0.0,0.0
Jsoup,27,4,time,0.0,0.0,0.0,0.0
Jsoup,27,5,time,0.0,0.0,0.0,0.0
Jsoup,27,1,mem,0.0,0.0,0.0,0.0
Jsoup,27,2,mem,0.0,0.0,0.0,0.0
Jsoup,27,3,mem,0.0,0.0,0.0,0.0
Jsoup,27,4,mem,0.0,0.0,0.0,0.0
Jsoup,27,5,mem,0.0,0.0,0.0,0.0
Jsoup,2,1,normal,0.0,0.0,0.0,0.0
Jsoup,2,2,normal,0.0,0.0,0.0,0.0
Jsoup,2,3,normal,2444.8,252.8,0.0,0.0
Jsoup,2,4,normal,4088.0,2009.6,0.0,0.0
Jsoup,2,5,normal,0.0,0.0,0.0,0.0
Jsoup,2,1,time,0.0,0.0,0.0,0.0
Jsoup,2,2,time,0.0,0.0,0.0,0.0
Jsoup,2,3,time,0.0,0.0,0.0,0.0
Jsoup,2,4,time,0.0,0.0,0.0,0.0
Jsoup,2,5,time,243.2,241.6,0.0,0.0
Jsoup,2,1,mem,0.0,0.0,0.0,0.0
Jsoup,2,2,mem,0.0,0.0,0.0,0.0
Jsoup,2,3,mem,0.0,0.0,0.0,0.0
Jsoup,2,4,mem,0.0,0.0,0.0,0.0
Jsoup,2,5,mem,0.0,0.0,0.0,0.0
Jsoup,32,1,normal,11.2,11.2,72.0,38.4
Jsoup,32,2,normal,11.2,33.6,41.6,83.2
Jsoup,32,3,normal,22.4,14.4,52.8,75.2
Jsoup,32,4,normal,22.4,38.4,49.6,86.4
Jsoup,32,5,normal,17.6,11.2,41.6,65.6
Jsoup,32,1,time,0.0,0.0,0.0,0.0
Jsoup,32,2,time,0.0,0.0,0.0,0.0
Jsoup,32,3,time,0.0,0.0,0.0,0.0
Jsoup,32,4,time,6.4,11.2,54.4,56.0
Jsoup,32,5,time,0.0,14.4,68.8,54.4
Jsoup,32,1,mem,0.0,0.0,0.0,0.0
Jsoup,32,2,mem,3.2,4.8,94.4,38.4
Jsoup,32,3,mem,6.4,22.4,44.8,22.4
Jsoup,32,4,mem,3.2,0.0,70.4,49.6
Jsoup,32,5,mem,0.0,0.0,0.0,0.0
Jsoup,33,1,normal,9.6,9.6,0.0,0.0
Jsoup,33,2,normal,9.6,9.6,0.0,0.0
Jsoup,33,3,normal,35.2,4.8,0.0,0.0
Jsoup,33,4,normal,4.8,9.6,0.0,0.0
Jsoup,33,5,normal,0.0,0.0,0.0,0.0
Jsoup,33,1,time,0.0,0.0,0.0,0.0
Jsoup,33,2,time,0.0,0.0,0.0,0.0
Jsoup,33,3,time,0.0,0.0,0.0,0.0
Jsoup,33,4,time,0.0,0.0,0.0,0.0
Jsoup,33,5,time,0.0,0.0,0.0,0.0
Jsoup,33,1,mem,32.0,14.4,0.0,0.0
Jsoup,33,2,mem,0.0,0.0,0.0,0.0
Jsoup,33,3,mem,0.0,11.2,0.0,0.0
Jsoup,33,4,mem,9.6,4.8,0.0,0.0
Jsoup,33,5,mem,0.0,0.0,0.0,0.0
Jsoup,34,1,normal,0.0,0.0,0.0,0.0
Jsoup,34,2,normal,0.0,0.0,0.0,0.0
Jsoup,34,3,normal,0.0,0.0,0.0,0.0
Jsoup,34,4,normal,0.0,0.0,0.0,0.0
Jsoup,34,5,normal,0.0,0.0,0.0,0.0
Jsoup,34,1,time,0.0,0.0,0.0,0.0
Jsoup,34,2,time,0.0,0.0,0.0,0.0
Jsoup,34,3,time,0.0,0.0,0.0,0.0
Jsoup,34,4,time,0.0,0.0,0.0,0.0
Jsoup,34,5,time,0.0,0.0,0.0,0.0
Jsoup,34,1,mem,0.0,0.0,0.0,0.0
Jsoup,34,2,mem,0.0,0.0,0.0,0.0
Jsoup,34,3,mem,0.0,0.0,0.0,0.0
Jsoup,34,4,mem,0.0,0.0,0.0,0.0
Jsoup,34,5,mem,0.0,0.0,0.0,0.0
Jsoup,37,1,normal,83.2,59.2,0.0,0.0
Jsoup,37,2,normal,54.4,32.0,0.0,0.0
Jsoup,37,3,normal,3312.0,113.6,0.0,0.0
Jsoup,37,4,normal,168.0,32.0,0.0,0.0
Jsoup,37,5,normal,588.8,195.2,0.0,0.0
Jsoup,37,1,time,0.0,0.0,0.0,0.0
Jsoup,37,2,time,1824.0,59.2,0.0,0.0
Jsoup,37,3,time,0.0,0.0,0.0,0.0
Jsoup,37,4,time,0.0,0.0,0.0,0.0
Jsoup,37,5,time,0.0,0.0,0.0,0.0
Jsoup,37,1,mem,104.0,228.8,0.0,0.0
Jsoup,37,2,mem,75.2,124.8,0.0,0.0
Jsoup,37,3,mem,0.0,0.0,0.0,0.0
Jsoup,37,4,mem,0.0,0.0,0.0,0.0
Jsoup,37,5,mem,32.0,2096.0,0.0,0.0
Jsoup,39,1,normal,292921.6,184377.6,0.0,0.0
Jsoup,39,2,normal,0.0,0.0,0.0,0.0
Jsoup,39,3,normal,0.0,0.0,0.0,0.0
Jsoup,39,4,normal,208892.8,354291.2,0.0,0.0
Jsoup,39,5,normal,319379.2,296291.2,0.0,0.0
Jsoup,39,1,time,0.0,0.0,0.0,0.0
Jsoup,39,2,time,0.0,0.0,0.0,0.0
Jsoup,39,3,time,223816.0,222448.0,0.0,0.0
Jsoup,39,4,time,0.0,0.0,0.0,0.0
Jsoup,39,5,time,81644.8,253446.4,0.0,0.0
Jsoup,39,1,mem,0.0,0.0,0.0,0.0
Jsoup,39,2,mem,296256.0,221851.2,0.0,0.0
Jsoup,39,3,mem,0.0,0.0,0.0,0.0
Jsoup,39,4,mem,0.0,0.0,0.0,0.0
Jsoup,39,5,mem,0.0,0.0,0.0,0.0
Jsoup,40,1,normal,0.0,0.0,0.0,0.0
Jsoup,40,2,normal,0.0,0.0,0.0,0.0
Jsoup,40,3,normal,0.0,0.0,0.0,0.0
Jsoup,40,4,normal,0.0,0.0,0.0,0.0
Jsoup,40,5,normal,0.0,0.0,0.0,0.0
Jsoup,40,1,time,0.0,0.0,0.0,0.0
Jsoup,40,2,time,0.0,0.0,0.0,0.0
Jsoup,40,3,time,0.0,0.0,0.0,0.0
Jsoup,40,4,time,0.0,0.0,0.0,0.0
Jsoup,40,5,time,0.0,0.0,0.0,0.0
Jsoup,40,1,mem,0.0,0.0,0.0,0.0
Jsoup,40,2,mem,0.0,0.0,0.0,0.0
Jsoup,40,3,mem,0.0,0.0,0.0,0.0
Jsoup,40,4,mem,0.0,0.0,0.0,0.0
Jsoup,40,5,mem,0.0,0.0,0.0,0.0
Jsoup,41,1,normal,32.0,25.6,0.0,0.0
Jsoup,41,2,normal,0.0,0.0,0.0,0.0
Jsoup,41,3,normal,19.2,0.0,0.0,0.0
Jsoup,41,4,normal,12.8,38.4,0.0,0.0
Jsoup,41,5,normal,19.2,38.4,0.0,0.0
Jsoup,41,1,time,19.2,12.8,25.6,0.0
Jsoup,41,2,time,0.0,0.0,0.0,0.0
Jsoup,41,3,time,0.0,0.0,0.0,0.0
Jsoup,41,4,time,32.0,32.0,0.0,0.0
Jsoup,41,5,time,38.4,44.8,0.0,0.0
Jsoup,41,1,mem,0.0,0.0,0.0,0.0
Jsoup,41,2,mem,0.0,0.0,0.0,0.0
Jsoup,41,3,mem,6.4,32.0,0.0,0.0
Jsoup,41,4,mem,25.6,25.6,0.0,0.0
Jsoup,41,5,mem,0.0,0.0,0.0,0.0
Jsoup,43,1,normal,0.0,0.0,0.0,0.0
Jsoup,43,2,normal,0.0,0.0,0.0,0.0
Jsoup,43,3,normal,0.0,0.0,0.0,0.0
Jsoup,43,4,normal,0.0,0.0,0.0,0.0
Jsoup,43,5,normal,0.0,0.0,0.0,0.0
Jsoup,43,1,time,0.0,0.0,0.0,0.0
Jsoup,43,2,time,0.0,0.0,0.0,0.0
Jsoup,43,3,time,0.0,0.0,0.0,0.0
Jsoup,43,4,time,0.0,0.0,0.0,0.0
Jsoup,43,5,time,0.0,0.0,0.0,0.0
Jsoup,43,1,mem,0.0,0.0,0.0,0.0
Jsoup,43,2,mem,0.0,0.0,0.0,0.0
Jsoup,43,3,mem,0.0,0.0,0.0,0.0
Jsoup,43,4,mem,0.0,0.0,0.0,0.0
Jsoup,43,5,mem,0.0,0.0,0.0,0.0
Jsoup,45,1,normal,0.0,0.0,0.0,0.0
Jsoup,45,2,normal,0.0,0.0,0.0,0.0
Jsoup,45,3,normal,0.0,0.0,0.0,0.0
Jsoup,45,4,normal,0.0,0.0,0.0,0.0
Jsoup,45,5,normal,0.0,0.0,0.0,0.0
Jsoup,45,1,time,0.0,0.0,0.0,0.0
Jsoup,45,2,time,0.0,0.0,0.0,0.0
Jsoup,45,3,time,0.0,0.0,0.0,0.0
Jsoup,45,4,time,0.0,0.0,0.0,0.0
Jsoup,45,5,time,0.0,0.0,0.0,0.0
Jsoup,45,1,mem,0.0,0.0,0.0,0.0
Jsoup,45,2,mem,0.0,0.0,0.0,0.0
Jsoup,45,3,mem,0.0,0.0,0.0,0.0
Jsoup,45,4,mem,0.0,0.0,0.0,0.0
Jsoup,45,5,mem,0.0,0.0,0.0,0.0
Jsoup,46,1,normal,0.0,0.0,0.0,0.0
Jsoup,46,2,normal,0.0,0.0,0.0,0.0
Jsoup,46,3,normal,0.0,0.0,0.0,0.0
Jsoup,46,4,normal,0.0,0.0,0.0,0.0
Jsoup,46,5,normal,0.0,0.0,0.0,0.0
Jsoup,46,1,time,0.0,0.0,0.0,0.0
Jsoup,46,2,time,0.0,0.0,0.0,0.0
Jsoup,46,3,time,0.0,0.0,0.0,0.0
Jsoup,46,4,time,0.0,0.0,0.0,0.0
Jsoup,46,5,time,0.0,0.0,0.0,0.0
Jsoup,46,1,mem,0.0,0.0,0.0,0.0
Jsoup,46,2,mem,0.0,0.0,0.0,0.0
Jsoup,46,3,mem,0.0,0.0,0.0,0.0
Jsoup,46,4,mem,0.0,0.0,0.0,0.0
Jsoup,46,5,mem,0.0,0.0,0.0,0.0
Jsoup,47,1,normal,0.0,0.0,0.0,0.0
Jsoup,47,2,normal,0.0,0.0,0.0,0.0
Jsoup,47,3,normal,0.0,0.0,0.0,0.0
Jsoup,47,4,normal,0.0,0.0,0.0,0.0
Jsoup,47,5,normal,0.0,12.8,0.0,0.0
Jsoup,47,1,time,0.0,0.0,0.0,0.0
Jsoup,47,2,time,464.0,0.0,0.0,0.0
Jsoup,47,3,time,0.0,0.0,0.0,0.0
Jsoup,47,4,time,0.0,0.0,0.0,0.0
Jsoup,47,5,time,0.0,0.0,0.0,0.0
Jsoup,47,1,mem,0.0,0.0,0.0,0.0
Jsoup,47,2,mem,0.0,0.0,0.0,0.0
Jsoup,47,3,mem,0.0,0.0,0.0,0.0
Jsoup,47,4,mem,0.0,233.6,0.0,0.0
Jsoup,47,5,mem,0.0,0.0,0.0,0.0
Jsoup,48,1,normal,0.0,0.0,0.0,0.0
Jsoup,48,2,normal,0.0,0.0,0.0,0.0
Jsoup,48,3,normal,0.0,0.0,0.0,0.0
Jsoup,48,4,normal,0.0,0.0,0.0,0.0
Jsoup,48,5,normal,0.0,0.0,0.0,0.0
Jsoup,48,1,time,0.0,0.0,0.0,0.0
Jsoup,48,2,time,0.0,0.0,0.0,0.0
Jsoup,48,3,time,0.0,0.0,0.0,0.0
Jsoup,48,4,time,0.0,0.0,0.0,0.0
Jsoup,48,5,time,0.0,0.0,0.0,0.0
Jsoup,48,1,mem,0.0,0.0,0.0,0.0
Jsoup,48,2,mem,0.0,0.0,0.0,0.0
Jsoup,48,3,mem,0.0,0.0,0.0,0.0
Jsoup,48,4,mem,0.0,0.0,0.0,0.0
Jsoup,48,5,mem,0.0,0.0,0.0,0.0
Jsoup,49,1,normal,0.0,0.0,0.0,0.0
Jsoup,49,2,normal,0.0,0.0,0.0,0.0
Jsoup,49,3,normal,0.0,0.0,0.0,0.0
Jsoup,49,4,normal,0.0,0.0,0.0,0.0
Jsoup,49,5,normal,0.0,0.0,0.0,0.0
Jsoup,49,1,time,0.0,0.0,0.0,0.0
Jsoup,49,2,time,0.0,0.0,0.0,0.0
Jsoup,49,3,time,0.0,0.0,0.0,0.0
Jsoup,49,4,time,0.0,0.0,0.0,0.0
Jsoup,49,5,time,0.0,0.0,0.0,0.0
Jsoup,49,1,mem,0.0,0.0,0.0,0.0
Jsoup,49,2,mem,0.0,0.0,0.0,0.0
Jsoup,49,3,mem,0.0,0.0,0.0,0.0
Jsoup,49,4,mem,0.0,0.0,0.0,0.0
Jsoup,49,5,mem,0.0,0.0,0.0,0.0
Jsoup,51,1,normal,0.0,0.0,0.0,0.0
Jsoup,51,2,normal,0.0,0.0,0.0,0.0
Jsoup,51,3,normal,0.0,0.0,0.0,0.0
Jsoup,51,4,normal,0.0,0.0,0.0,0.0
Jsoup,51,5,normal,0.0,0.0,0.0,0.0
Jsoup,51,1,time,0.0,0.0,0.0,0.0
Jsoup,51,2,time,0.0,0.0,0.0,0.0
Jsoup,51,3,time,0.0,0.0,0.0,0.0
Jsoup,51,4,time,0.0,0.0,0.0,0.0
Jsoup,51,5,time,0.0,0.0,0.0,0.0
Jsoup,51,1,mem,0.0,0.0,0.0,0.0
Jsoup,51,2,mem,0.0,0.0,0.0,0.0
Jsoup,51,3,mem,0.0,0.0,0.0,0.0
Jsoup,51,4,mem,0.0,0.0,0.0,0.0
Jsoup,51,5,mem,0.0,0.0,0.0,0.0
Jsoup,53,1,normal,0.0,0.0,0.0,0.0
Jsoup,53,2,normal,0.0,0.0,0.0,0.0
Jsoup,53,3,normal,0.0,0.0,0.0,0.0
Jsoup,53,4,normal,0.0,0.0,0.0,0.0
Jsoup,53,5,normal,0.0,0.0,0.0,0.0
Jsoup,53,1,time,0.0,0.0,0.0,0.0
Jsoup,53,2,time,0.0,0.0,0.0,0.0
Jsoup,53,3,time,0.0,0.0,0.0,0.0
Jsoup,53,4,time,0.0,0.0,0.0,0.0
Jsoup,53,5,time,0.0,0.0,0.0,0.0
Jsoup,53,1,mem,0.0,0.0,0.0,0.0
Jsoup,53,2,mem,0.0,0.0,0.0,0.0
Jsoup,53,3,mem,0.0,0.0,0.0,0.0
Jsoup,53,4,mem,0.0,0.0,0.0,0.0
Jsoup,53,5,mem,0.0,0.0,0.0,0.0
Jsoup,54,1,normal,166.4,57.6,0.0,0.0
Jsoup,54,2,normal,0.0,0.0,0.0,0.0
Jsoup,54,3,normal,57.6,22.4,0.0,0.0
Jsoup,54,4,normal,83.2,153.6,0.0,0.0
Jsoup,54,5,normal,217.6,163.2,0.0,0.0
Jsoup,54,1,time,57.6,0.0,0.0,0.0
Jsoup,54,2,time,137.6,0.0,0.0,0.0
Jsoup,54,3,time,72.0,83.2,0.0,0.0
Jsoup,54,4,time,112.0,217.6,0.0,0.0
Jsoup,54,5,time,137.6,0.0,0.0,0.0
Jsoup,54,1,mem,0.0,0.0,0.0,0.0
Jsoup,54,2,mem,0.0,0.0,0.0,0.0
Jsoup,54,3,mem,0.0,60.8,0.0,0.0
Jsoup,54,4,mem,192.0,166.4,0.0,0.0
Jsoup,54,5,mem,112.0,0.0,0.0,0.0
Jsoup,55,1,normal,21216.0,22809.6,6587.2,6769.6
Jsoup,55,2,normal,0.0,0.0,0.0,0.0
Jsoup,55,3,normal,0.0,0.0,0.0,0.0
Jsoup,55,4,normal,0.0,0.0,6593.6,11606.4
Jsoup,55,5,normal,7712.0,23398.4,9849.6,8214.4
Jsoup,55,1,time,0.0,0.0,0.0,0.0
Jsoup,55,2,time,10996.8,11972.8,13195.2,6572.8
Jsoup,55,3,time,21256.0,19137.6,11518.4,7216.0
Jsoup,55,4,time,0.0,0.0,0.0,0.0
Jsoup,55,5,time,10118.4,5459.2,4934.4,6678.4
Jsoup,55,1,mem,0.0,0.0,0.0,0.0
Jsoup,55,2,mem,9956.8,22990.4,8216.0,6660.8
Jsoup,55,3,mem,9686.4,7700.8,6684.8,8208.0
Jsoup,55,4,mem,0.0,0.0,5054.4,8208.0
Jsoup,55,5,mem,21177.6,7884.8,6684.8,5030.4
Jsoup,57,1,normal,0.0,0.0,0.0,0.0
Jsoup,57,2,normal,0.0,0.0,0.0,0.0
Jsoup,57,3,normal,0.0,0.0,0.0,0.0
Jsoup,57,4,normal,0.0,0.0,0.0,0.0
Jsoup,57,5,normal,0.0,0.0,0.0,0.0
Jsoup,57,1,time,0.0,0.0,0.0,0.0
Jsoup,57,2,time,0.0,0.0,0.0,0.0
Jsoup,57,3,time,0.0,0.0,0.0,0.0
Jsoup,57,4,time,0.0,0.0,0.0,0.0
Jsoup,57,5,time,0.0,0.0,0.0,0.0
Jsoup,57,1,mem,0.0,0.0,0.0,0.0
Jsoup,57,2,mem,0.0,0.0,0.0,0.0
Jsoup,57,3,mem,0.0,0.0,0.0,0.0
Jsoup,57,4,mem,0.0,0.0,0.0,0.0
Jsoup,57,5,mem,0.0,0.0,0.0,0.0
Jsoup,5,1,normal,13172.8,3288.0,0.0,0.0
Jsoup,5,2,normal,20.8,1740.8,0.0,0.0
Jsoup,5,3,normal,57.6,1768.0,0.0,0.0
Jsoup,5,4,normal,11.2,12.8,0.0,0.0
Jsoup,5,5,normal,1656.0,1648.0,0.0,0.0
Jsoup,5,1,time,0.0,0.0,0.0,0.0
Jsoup,5,2,time,0.0,0.0,0.0,0.0
Jsoup,5,3,time,1656.0,20.8,0.0,0.0
Jsoup,5,4,time,60.8,44.8,0.0,0.0
Jsoup,5,5,time,3361.6,1651.2,0.0,0.0
Jsoup,5,1,mem,1699.2,38.4,0.0,0.0
Jsoup,5,2,mem,16.0,49.6,0.0,0.0
Jsoup,5,3,mem,1654.4,3302.4,0.0,0.0
Jsoup,5,4,mem,57.6,11.2,0.0,0.0
Jsoup,5,5,mem,0.0,0.0,0.0,0.0
Jsoup,61,1,normal,0.0,0.0,0.0,0.0
Jsoup,61,2,normal,0.0,0.0,0.0,0.0
Jsoup,61,3,normal,0.0,0.0,0.0,0.0
Jsoup,61,4,normal,0.0,0.0,0.0,0.0
Jsoup,61,5,normal,0.0,0.0,0.0,0.0
Jsoup,61,1,time,0.0,0.0,0.0,0.0
Jsoup,61,2,time,0.0,0.0,0.0,0.0
Jsoup,61,3,time,0.0,0.0,0.0,0.0
Jsoup,61,4,time,0.0,0.0,0.0,0.0
Jsoup,61,5,time,0.0,0.0,0.0,0.0
Jsoup,61,1,mem,0.0,0.0,0.0,0.0
Jsoup,61,2,mem,0.0,0.0,0.0,0.0
Jsoup,61,3,mem,0.0,0.0,0.0,0.0
Jsoup,61,4,mem,0.0,0.0,0.0,0.0
Jsoup,61,5,mem,0.0,0.0,0.0,0.0
Jsoup,62,1,normal,0.0,0.0,0.0,0.0
Jsoup,62,2,normal,0.0,0.0,0.0,0.0
Jsoup,62,3,normal,0.0,0.0,0.0,0.0
Jsoup,62,4,normal,0.0,0.0,0.0,0.0
Jsoup,62,5,normal,0.0,0.0,0.0,0.0
Jsoup,62,1,time,0.0,0.0,0.0,0.0
Jsoup,62,2,time,0.0,0.0,0.0,0.0
Jsoup,62,3,time,0.0,0.0,0.0,0.0
Jsoup,62,4,time,0.0,0.0,0.0,0.0
Jsoup,62,5,time,0.0,0.0,0.0,0.0
Jsoup,62,1,mem,0.0,0.0,0.0,0.0
Jsoup,62,2,mem,0.0,0.0,0.0,0.0
Jsoup,62,3,mem,0.0,0.0,0.0,0.0
Jsoup,62,4,mem,0.0,0.0,0.0,0.0
Jsoup,62,5,mem,0.0,0.0,0.0,0.0
Jsoup,64,1,normal,0.0,0.0,0.0,0.0
Jsoup,64,2,normal,0.0,0.0,0.0,0.0
Jsoup,64,3,normal,0.0,0.0,0.0,0.0
Jsoup,64,4,normal,0.0,0.0,0.0,0.0
Jsoup,64,5,normal,0.0,0.0,0.0,0.0
Jsoup,64,1,time,0.0,0.0,0.0,0.0
Jsoup,64,2,time,0.0,0.0,0.0,0.0
Jsoup,64,3,time,0.0,0.0,0.0,0.0
Jsoup,64,4,time,0.0,0.0,0.0,0.0
Jsoup,64,5,time,0.0,0.0,0.0,0.0
Jsoup,64,1,mem,0.0,0.0,0.0,0.0
Jsoup,64,2,mem,0.0,0.0,0.0,0.0
Jsoup,64,3,mem,0.0,0.0,0.0,0.0
Jsoup,64,4,mem,0.0,0.0,0.0,0.0
Jsoup,64,5,mem,0.0,0.0,0.0,0.0
Jsoup,69,1,normal,0.0,0.0,0.0,0.0
Jsoup,69,2,normal,0.0,0.0,0.0,0.0
Jsoup,69,3,normal,0.0,0.0,0.0,0.0
Jsoup,69,4,normal,0.0,0.0,0.0,0.0
Jsoup,69,5,normal,0.0,0.0,0.0,0.0
Jsoup,69,1,time,0.0,0.0,0.0,0.0
Jsoup,69,2,time,0.0,0.0,0.0,0.0
Jsoup,69,3,time,0.0,0.0,0.0,0.0
Jsoup,69,4,time,0.0,0.0,0.0,0.0
Jsoup,69,5,time,0.0,0.0,0.0,0.0
Jsoup,69,1,mem,0.0,0.0,0.0,0.0
Jsoup,69,2,mem,0.0,0.0,0.0,0.0
Jsoup,69,3,mem,0.0,0.0,0.0,0.0
Jsoup,69,4,mem,0.0,0.0,0.0,0.0
Jsoup,69,5,mem,0.0,0.0,0.0,0.0
Jsoup,6,1,normal,0.0,0.0,0.0,0.0
Jsoup,6,2,normal,0.0,0.0,0.0,0.0
Jsoup,6,3,normal,0.0,0.0,0.0,0.0
Jsoup,6,4,normal,0.0,0.0,0.0,0.0
Jsoup,6,5,normal,0.0,0.0,0.0,0.0
Jsoup,6,1,time,0.0,0.0,0.0,0.0
Jsoup,6,2,time,0.0,0.0,0.0,0.0
Jsoup,6,3,time,0.0,0.0,0.0,0.0
Jsoup,6,4,time,0.0,0.0,0.0,0.0
Jsoup,6,5,time,0.0,0.0,0.0,0.0
Jsoup,6,1,mem,0.0,0.0,0.0,0.0
Jsoup,6,2,mem,0.0,0.0,0.0,0.0
Jsoup,6,3,mem,0.0,0.0,0.0,0.0
Jsoup,6,4,mem,0.0,0.0,0.0,0.0
Jsoup,6,5,mem,0.0,0.0,0.0,0.0
Jsoup,70,1,normal,0.0,0.0,28.8,4.8
Jsoup,70,2,normal,0.0,0.0,28.8,48.0
Jsoup,70,3,normal,0.0,0.0,0.0,0.0
Jsoup,70,4,normal,0.0,0.0,24.0,43.2
Jsoup,70,5,normal,0.0,0.0,24.0,24.0
Jsoup,70,1,time,0.0,0.0,28.8,9.6
Jsoup,70,2,time,0.0,0.0,24.0,4.8
Jsoup,70,3,time,0.0,0.0,28.8,14.4
Jsoup,70,4,time,0.0,0.0,24.0,4.8
Jsoup,70,5,time,0.0,0.0,24.0,9.6
Jsoup,70,1,mem,0.0,0.0,19.2,9.6
Jsoup,70,2,mem,0.0,0.0,28.8,19.2
Jsoup,70,3,mem,0.0,0.0,24.0,9.6
Jsoup,70,4,mem,0.0,0.0,38.4,9.6
Jsoup,70,5,mem,0.0,0.0,19.2,38.4
Jsoup,72,1,normal,26361.6,39897.6,0.0,0.0
Jsoup,72,2,normal,0.0,0.0,0.0,0.0
Jsoup,72,3,normal,13628.8,39561.6,0.0,0.0
Jsoup,72,4,normal,0.0,0.0,0.0,0.0
Jsoup,72,5,normal,0.0,0.0,0.0,0.0
Jsoup,72,1,time,0.0,0.0,0.0,0.0
Jsoup,72,2,time,0.0,0.0,0.0,0.0
Jsoup,72,3,time,0.0,0.0,0.0,0.0
Jsoup,72,4,time,0.0,0.0,0.0,0.0
Jsoup,72,5,time,0.0,0.0,0.0,0.0
Jsoup,72,1,mem,0.0,0.0,0.0,0.0
Jsoup,72,2,mem,0.0,0.0,0.0,0.0
Jsoup,72,3,mem,0.0,0.0,0.0,0.0
Jsoup,72,4,mem,107.2,52070.4,0.0,0.0
Jsoup,72,5,mem,0.0,0.0,0.0,0.0
Jsoup,75,1,normal,0.0,0.0,0.0,0.0
Jsoup,75,2,normal,0.0,0.0,0.0,0.0
Jsoup,75,3,normal,219.2,26019.2,0.0,0.0
Jsoup,75,4,normal,15081.6,13408.0,0.0,0.0
Jsoup,75,5,normal,0.0,0.0,0.0,0.0
Jsoup,75,1,time,13408.0,52548.8,0.0,0.0
Jsoup,75,2,time,0.0,0.0,0.0,0.0
Jsoup,75,3,time,0.0,0.0,0.0,0.0
Jsoup,75,4,time,0.0,0.0,0.0,0.0
Jsoup,75,5,time,0.0,0.0,0.0,0.0
Jsoup,75,1,mem,0.0,0.0,0.0,0.0
Jsoup,75,2,mem,0.0,0.0,0.0,0.0
Jsoup,75,3,mem,0.0,0.0,0.0,0.0
Jsoup,75,4,mem,0.0,0.0,0.0,0.0
Jsoup,75,5,mem,26094.4,39702.4,0.0,0.0
Jsoup,77,1,normal,0.0,0.0,0.0,0.0
Jsoup,77,2,normal,0.0,0.0,0.0,0.0
Jsoup,77,3,normal,0.0,0.0,0.0,0.0
Jsoup,77,4,normal,0.0,0.0,0.0,0.0
Jsoup,77,5,normal,0.0,0.0,0.0,0.0
Jsoup,77,1,time,0.0,0.0,0.0,0.0
Jsoup,77,2,time,0.0,0.0,0.0,0.0
Jsoup,77,3,time,0.0,0.0,0.0,0.0
Jsoup,77,4,time,0.0,0.0,0.0,0.0
Jsoup,77,5,time,0.0,0.0,0.0,0.0
Jsoup,77,1,mem,0.0,0.0,0.0,0.0
Jsoup,77,2,mem,0.0,0.0,0.0,0.0
Jsoup,77,3,mem,0.0,0.0,0.0,0.0
Jsoup,77,4,mem,0.0,0.0,0.0,0.0
Jsoup,77,5,mem,0.0,0.0,0.0,0.0
Jsoup,80,1,normal,0.0,0.0,0.0,0.0
Jsoup,80,2,normal,52441.6,26672.0,0.0,0.0
Jsoup,80,3,normal,26240.0,39396.8,0.0,0.0
Jsoup,80,4,normal,52449.6,13142.4,0.0,0.0
Jsoup,80,5,normal,39337.6,26265.6,0.0,0.0
Jsoup,80,1,time,0.0,0.0,0.0,0.0
Jsoup,80,2,time,0.0,0.0,0.0,0.0
Jsoup,80,3,time,0.0,0.0,0.0,0.0
Jsoup,80,4,time,0.0,0.0,0.0,0.0
Jsoup,80,5,time,0.0,0.0,0.0,0.0
Jsoup,80,1,mem,0.0,0.0,0.0,0.0
Jsoup,80,2,mem,0.0,0.0,0.0,0.0
Jsoup,80,3,mem,26249.6,13166.4,0.0,0.0
Jsoup,80,4,mem,0.0,0.0,0.0,0.0
Jsoup,80,5,mem,0.0,0.0,0.0,0.0
Jsoup,82,1,normal,278536.0,206961.6,0.0,0.0
Jsoup,82,2,normal,275476.8,262936.0,0.0,0.0
Jsoup,82,3,normal,274798.4,326737.6,0.0,0.0
Jsoup,82,4,normal,0.0,0.0,0.0,0.0
Jsoup,82,5,normal,276404.8,307465.6,0.0,0.0
Jsoup,82,1,time,322422.4,259054.4,0.0,0.0
Jsoup,82,2,time,0.0,0.0,0.0,0.0
Jsoup,82,3,time,0.0,0.0,0.0,0.0
Jsoup,82,4,time,0.0,0.0,0.0,0.0
Jsoup,82,5,time,0.0,0.0,0.0,0.0
Jsoup,82,1,mem,0.0,0.0,0.0,0.0
Jsoup,82,2,mem,247038.4,306200.0,0.0,0.0
Jsoup,82,3,mem,0.0,0.0,0.0,0.0
Jsoup,82,4,mem,0.0,0.0,0.0,0.0
Jsoup,82,5,mem,0.0,0.0,0.0,0.0
Jsoup,84,1,normal,47286.4,9665.6,0.0,0.0
Jsoup,84,2,normal,16811.2,7537.6,0.0,0.0
Jsoup,84,3,normal,26705.6,1742.4,0.0,0.0
Jsoup,84,4,normal,17073.6,3953.6,0.0,0.0
Jsoup,84,5,normal,1942.4,13131.2,0.0,0.0
Jsoup,84,1,time,14804.8,16468.8,0.0,0.0
Jsoup,84,2,time,10865.6,10694.4,0.0,0.0
Jsoup,84,3,time,40716.8,13214.4,0.0,0.0
Jsoup,84,4,time,15416.0,15360.0,0.0,0.0
Jsoup,84,5,time,50838.4,20523.2,0.0,0.0
Jsoup,84,1,mem,0.0,0.0,0.0,0.0
Jsoup,84,2,mem,0.0,0.0,0.0,0.0
Jsoup,84,3,mem,7443.2,54926.4,0.0,0.0
Jsoup,84,4,mem,0.0,0.0,0.0,0.0
Jsoup,84,5,mem,0.0,0.0,0.0,0.0
Jsoup,85,1,normal,0.0,0.0,0.0,0.0
Jsoup,85,2,normal,0.0,0.0,0.0,0.0
Jsoup,85,3,normal,0.0,0.0,0.0,0.0
Jsoup,85,4,normal,0.0,0.0,0.0,0.0
Jsoup,85,5,normal,0.0,0.0,0.0,0.0
Jsoup,85,1,time,0.0,0.0,0.0,0.0
Jsoup,85,2,time,0.0,0.0,0.0,0.0
Jsoup,85,3,time,0.0,0.0,0.0,0.0
Jsoup,85,4,time,0.0,0.0,0.0,0.0
Jsoup,85,5,time,0.0,0.0,0.0,0.0
Jsoup,85,1,mem,0.0,0.0,0.0,0.0
Jsoup,85,2,mem,0.0,0.0,0.0,0.0
Jsoup,85,3,mem,0.0,0.0,0.0,0.0
Jsoup,85,4,mem,0.0,0.0,0.0,0.0
Jsoup,85,5,mem,0.0,0.0,0.0,0.0
Jsoup,86,1,normal,0.0,0.0,0.0,0.0
Jsoup,86,2,normal,0.0,0.0,0.0,0.0
Jsoup,86,3,normal,0.0,0.0,0.0,0.0
Jsoup,86,4,normal,13110.4,0.0,0.0,0.0
Jsoup,86,5,normal,13110.4,26220.8,0.0,0.0
Jsoup,86,1,time,0.0,0.0,0.0,0.0
Jsoup,86,2,time,0.0,0.0,0.0,0.0
Jsoup,86,3,time,0.0,0.0,0.0,0.0
Jsoup,86,4,time,0.0,0.0,0.0,0.0
Jsoup,86,5,time,0.0,0.0,0.0,0.0
Jsoup,86,1,mem,0.0,0.0,0.0,0.0
Jsoup,86,2,mem,0.0,0.0,0.0,0.0
Jsoup,86,3,mem,0.0,0.0,0.0,0.0
Jsoup,86,4,mem,0.0,0.0,0.0,0.0
Jsoup,86,5,mem,0.0,0.0,0.0,0.0
Jsoup,88,1,normal,0.0,0.0,0.0,0.0
Jsoup,88,2,normal,0.0,0.0,0.0,0.0
Jsoup,88,3,normal,0.0,0.0,0.0,0.0
Jsoup,88,4,normal,0.0,0.0,0.0,0.0
Jsoup,88,5,normal,0.0,0.0,0.0,0.0
Jsoup,88,1,time,0.0,0.0,0.0,0.0
Jsoup,88,2,time,0.0,0.0,0.0,0.0
Jsoup,88,3,time,0.0,0.0,0.0,0.0
Jsoup,88,4,time,0.0,0.0,0.0,0.0
Jsoup,88,5,time,0.0,0.0,0.0,0.0
Jsoup,88,1,mem,0.0,0.0,0.0,0.0
Jsoup,88,2,mem,0.0,0.0,0.0,0.0
Jsoup,88,3,mem,0.0,0.0,0.0,0.0
Jsoup,88,4,mem,0.0,0.0,0.0,0.0
Jsoup,88,5,mem,0.0,0.0,0.0,0.0
Jsoup,89,1,normal,0.0,0.0,0.0,4.8
Jsoup,89,2,normal,0.0,0.0,0.0,0.0
Jsoup,89,3,normal,0.0,0.0,0.0,0.0
Jsoup,89,4,normal,0.0,0.0,0.0,0.0
Jsoup,89,5,normal,0.0,0.0,4.8,0.0
Jsoup,89,1,time,0.0,0.0,0.0,0.0
Jsoup,89,2,time,0.0,0.0,0.0,0.0
Jsoup,89,3,time,0.0,0.0,0.0,0.0
Jsoup,89,4,time,0.0,0.0,0.0,0.0
Jsoup,89,5,time,0.0,0.0,0.0,0.0
Jsoup,89,1,mem,0.0,0.0,0.0,0.0
Jsoup,89,2,mem,0.0,0.0,0.0,0.0
Jsoup,89,3,mem,0.0,0.0,0.0,0.0
Jsoup,89,4,mem,0.0,0.0,0.0,0.0
Jsoup,89,5,mem,0.0,0.0,0.0,0.0
Jsoup,90,1,normal,0.0,0.0,0.0,0.0
Jsoup,90,2,normal,0.0,0.0,0.0,0.0
Jsoup,90,3,normal,0.0,0.0,0.0,0.0
Jsoup,90,4,normal,0.0,0.0,0.0,0.0
Jsoup,90,5,normal,0.0,0.0,0.0,0.0
Jsoup,90,1,time,0.0,0.0,0.0,0.0
Jsoup,90,2,time,0.0,0.0,0.0,0.0
Jsoup,90,3,time,0.0,0.0,0.0,0.0
Jsoup,90,4,time,0.0,0.0,0.0,0.0
Jsoup,90,5,time,0.0,0.0,0.0,0.0
Jsoup,90,1,mem,0.0,0.0,0.0,0.0
Jsoup,90,2,mem,0.0,0.0,0.0,0.0
Jsoup,90,3,mem,0.0,0.0,0.0,0.0
Jsoup,90,4,mem,0.0,0.0,0.0,0.0
Jsoup,90,5,mem,0.0,0.0,0.0,0.0
Jsoup,93,1,normal,0.0,0.0,0.0,0.0
Jsoup,93,2,normal,0.0,0.0,0.0,0.0
Jsoup,93,3,normal,0.0,0.0,0.0,0.0
Jsoup,93,4,normal,0.0,0.0,0.0,0.0
Jsoup,93,5,normal,28.8,32.0,0.0,0.0
Jsoup,93,1,time,0.0,0.0,0.0,0.0
Jsoup,93,2,time,0.0,0.0,0.0,0.0
Jsoup,93,3,time,0.0,0.0,0.0,0.0
Jsoup,93,4,time,0.0,0.0,0.0,0.0
Jsoup,93,5,time,0.0,0.0,0.0,0.0
Jsoup,93,1,mem,0.0,0.0,0.0,0.0
Jsoup,93,2,mem,0.0,0.0,0.0,0.0
Jsoup,93,3,mem,0.0,0.0,0.0,0.0
Jsoup,93,4,mem,0.0,0.0,0.0,0.0
Jsoup,93,5,mem,0.0,0.0,0.0,0.0
Lang,10,1,normal,4537.6,2694.4,9.6,28.8
Lang,10,2,normal,3324.8,5968.0,28.8,62.4
Lang,10,3,normal,10764.8,2336.0,38.4,43.2
Lang,10,4,normal,9726.4,14540.8,38.4,14.4
Lang,10,5,normal,4908.8,1680.0,19.2,43.2
Lang,10,1,time,0.0,0.0,48.0,43.2
Lang,10,2,time,11100.8,5718.4,38.4,38.4
Lang,10,3,time,6014.4,60.8,33.6,57.6
Lang,10,4,time,0.0,0.0,0.0,0.0
Lang,10,5,time,5929.6,17340.8,19.2,67.2
Lang,10,1,mem,0.0,0.0,0.0,0.0
Lang,10,2,mem,0.0,0.0,0.0,0.0
Lang,10,3,mem,1257.6,3350.4,28.8,355.2
Lang,10,4,mem,9158.4,8633.6,28.8,43.2
Lang,10,5,mem,6457.6,11305.6,24.0,172.8
Lang,11,1,normal,0.0,0.0,0.0,0.0
Lang,11,2,normal,0.0,0.0,0.0,0.0
Lang,11,3,normal,0.0,0.0,48.0,48.0
Lang,11,4,normal,2041.6,0.0,48.0,48.0
Lang,11,5,normal,0.0,0.0,0.0,0.0
Lang,11,1,time,0.0,0.0,0.0,0.0
Lang,11,2,time,0.0,2003.2,48.0,48.0
Lang,11,3,time,0.0,0.0,0.0,0.0
Lang,11,4,time,0.0,0.0,0.0,0.0
Lang,11,5,time,0.0,0.0,0.0,0.0
Lang,11,1,mem,0.0,0.0,0.0,0.0
Lang,11,2,mem,0.0,0.0,0.0,0.0
Lang,11,3,mem,0.0,0.0,48.0,48.0
Lang,11,4,mem,22.4,0.0,48.0,48.0
Lang,11,5,mem,0.0,0.0,0.0,0.0
Lang,12,1,normal,0.0,0.0,72.0,72.0
Lang,12,2,normal,0.0,0.0,0.0,0.0
Lang,12,3,normal,28.8,16.0,72.0,72.0
Lang,12,4,normal,0.0,0.0,72.0,72.0
Lang,12,5,normal,0.0,0.0,0.0,0.0
Lang,12,1,time,0.0,0.0,72.0,72.0
Lang,12,2,time,0.0,0.0,72.0,72.0
Lang,12,3,time,0.0,24.0,72.0,72.0
Lang,12,4,time,0.0,0.0,72.0,72.0
Lang,12,5,time,0.0,0.0,72.0,72.0
Lang,12,1,mem,0.0,0.0,0.0,0.0
Lang,12,2,mem,0.0,0.0,72.0,72.0
Lang,12,3,mem,0.0,0.0,72.0,72.0
Lang,12,4,mem,0.0,0.0,0.0,0.0
Lang,12,5,mem,0.0,0.0,72.0,72.0
Lang,14,1,normal,4953.6,876.8,0.0,0.0
Lang,14,2,normal,972.8,1777.6,0.0,0.0
Lang,14,3,normal,1272.0,2160.0,0.0,0.0
Lang,14,4,normal,713.6,1824.0,0.0,0.0
Lang,14,5,normal,4968.0,75.2,0.0,0.0
Lang,14,1,time,0.0,0.0,0.0,0.0
Lang,14,2,time,971.2,1748.8,0.0,0.0
Lang,14,3,time,0.0,0.0,0.0,0.0
Lang,14,4,time,0.0,0.0,0.0,0.0
Lang,14,5,time,571.2,270.4,0.0,0.0
Lang,14,1,mem,1736.0,48.0,0.0,0.0
Lang,14,2,mem,0.0,0.0,0.0,0.0
Lang,14,3,mem,4379.2,1072.0,0.0,0.0
Lang,14,4,mem,1147.2,868.8,0.0,0.0
Lang,14,5,mem,2166.4,51.2,0.0,0.0
Lang,18,1,normal,0.0,0.0,0.0,0.0
Lang,18,2,normal,0.0,0.0,0.0,0.0
Lang,18,3,normal,0.0,0.0,0.0,0.0
Lang,18,4,normal,0.0,0.0,0.0,0.0
Lang,18,5,normal,9.6,28.8,0.0,0.0
Lang,18,1,time,160.0,73.6,0.0,0.0
Lang,18,2,time,0.0,0.0,0.0,0.0
Lang,18,3,time,0.0,0.0,0.0,0.0
Lang,18,4,time,0.0,0.0,0.0,0.0
Lang,18,5,time,0.0,0.0,0.0,0.0
Lang,18,1,mem,16.0,0.0,0.0,0.0
Lang,18,2,mem,0.0,0.0,0.0,0.0
Lang,18,3,mem,0.0,0.0,0.0,0.0
Lang,18,4,mem,0.0,0.0,0.0,0.0
Lang,18,5,mem,0.0,0.0,0.0,0.0
Lang,26,1,normal,334.4,289.6,214.4,182.4
Lang,26,2,normal,2028.8,366.4,273.6,187.2
Lang,26,3,normal,257.6,185.6,137.6,192.0
Lang,26,4,normal,305.6,166.4,233.6,193.6
Lang,26,5,normal,0.0,0.0,0.0,0.0
Lang,26,1,time,0.0,0.0,0.0,0.0
Lang,26,2,time,0.0,0.0,0.0,0.0
Lang,26,3,time,212.8,363.2,244.8,217.6
Lang,26,4,time,0.0,0.0,0.0,0.0
Lang,26,5,time,0.0,0.0,203.2,139.2
Lang,26,1,mem,0.0,0.0,0.0,0.0
Lang,26,2,mem,0.0,0.0,0.0,0.0
Lang,26,3,mem,0.0,0.0,0.0,0.0
Lang,26,4,mem,0.0,0.0,0.0,0.0
Lang,26,5,mem,0.0,0.0,0.0,0.0
Lang,28,1,normal,0.0,0.0,0.0,0.0
Lang,28,2,normal,1222.4,1195.2,0.0,0.0
Lang,28,3,normal,1320.0,1169.6,0.0,0.0
Lang,28,4,normal,1260.8,1304.0,0.0,0.0
Lang,28,5,normal,0.0,0.0,0.0,0.0
Lang,28,1,time,0.0,0.0,0.0,0.0
Lang,28,2,time,1308.8,1235.2,0.0,0.0
Lang,28,3,time,1307.2,1208.0,0.0,0.0
Lang,28,4,time,0.0,0.0,0.0,0.0
Lang,28,5,time,0.0,0.0,0.0,0.0
Lang,28,1,mem,1153.6,1275.2,0.0,0.0
Lang,28,2,mem,0.0,0.0,0.0,0.0
Lang,28,3,mem,1160.0,1225.6,0.0,0.0
Lang,28,4,mem,1374.4,1171.2,0.0,0.0
Lang,28,5,mem,0.0,0.0,0.0,0.0
Lang,29,1,normal,6937.6,6937.6,0.0,0.0
Lang,29,2,normal,6937.6,0.0,0.0,0.0
Lang,29,3,normal,0.0,8579.2,0.0,0.0
Lang,29,4,normal,0.0,0.0,0.0,0.0
Lang,29,5,normal,6937.6,0.0,0.0,0.0
Lang,29,1,time,0.0,0.0,0.0,0.0
Lang,29,2,time,54.4,8579.2,0.0,0.0
Lang,29,3,time,49.6,38.4,0.0,0.0
Lang,29,4,time,36.8,0.0,0.0,0.0
Lang,29,5,time,0.0,19.2,0.0,0.0
Lang,29,1,mem,0.0,19.2,0.0,0.0
Lang,29,2,mem,0.0,0.0,0.0,0.0
Lang,29,3,mem,0.0,0.0,0.0,0.0
Lang,29,4,mem,1652.8,9.6,0.0,0.0
Lang,29,5,mem,6950.4,0.0,0.0,0.0
Lang,31,1,normal,0.0,0.0,0.0,0.0
Lang,31,2,normal,0.0,0.0,0.0,0.0
Lang,31,3,normal,0.0,0.0,0.0,0.0
Lang,31,4,normal,0.0,0.0,0.0,0.0
Lang,31,5,normal,0.0,0.0,0.0,0.0
Lang,31,1,time,0.0,0.0,0.0,0.0
Lang,31,2,time,0.0,0.0,0.0,0.0
Lang,31,3,time,0.0,0.0,0.0,0.0
Lang,31,4,time,0.0,0.0,0.0,0.0
Lang,31,5,time,0.0,0.0,0.0,0.0
Lang,31,1,mem,0.0,0.0,0.0,0.0
Lang,31,2,mem,0.0,0.0,0.0,0.0
Lang,31,3,mem,0.0,0.0,0.0,0.0
Lang,31,4,mem,0.0,0.0,0.0,0.0
Lang,31,5,mem,0.0,0.0,0.0,0.0
Lang,33,1,normal,0.0,0.0,0.0,0.0
Lang,33,2,normal,0.0,0.0,0.0,0.0
Lang,33,3,normal,0.0,0.0,0.0,0.0
Lang,33,4,normal,0.0,0.0,0.0,0.0
Lang,33,5,normal,0.0,0.0,0.0,0.0
Lang,33,1,time,0.0,0.0,0.0,0.0
Lang,33,2,time,0.0,0.0,0.0,0.0
Lang,33,3,time,0.0,0.0,0.0,0.0
Lang,33,4,time,0.0,0.0,0.0,0.0
Lang,33,5,time,0.0,0.0,0.0,0.0
Lang,33,1,mem,0.0,0.0,0.0,0.0
Lang,33,2,mem,0.0,0.0,0.0,0.0
Lang,33,3,mem,0.0,0.0,0.0,0.0
Lang,33,4,mem,0.0,0.0,0.0,0.0
Lang,33,5,mem,0.0,0.0,0.0,0.0
Lang,39,1,normal,0.0,0.0,0.0,0.0
Lang,39,2,normal,0.0,0.0,0.0,0.0
Lang,39,3,normal,0.0,0.0,0.0,0.0
Lang,39,4,normal,0.0,0.0,0.0,0.0
Lang,39,5,normal,0.0,0.0,0.0,0.0
Lang,39,1,time,0.0,0.0,0.0,0.0
Lang,39,2,time,0.0,0.0,0.0,0.0
Lang,39,3,time,0.0,0.0,0.0,0.0
Lang,39,4,time,0.0,0.0,0.0,0.0
Lang,39,5,time,0.0,0.0,0.0,0.0
Lang,39,1,mem,0.0,0.0,0.0,0.0
Lang,39,2,mem,0.0,0.0,0.0,0.0
Lang,39,3,mem,0.0,0.0,0.0,0.0
Lang,39,4,mem,0.0,0.0,0.0,0.0
Lang,39,5,mem,0.0,0.0,0.0,0.0
Lang,3,1,normal,32.0,0.0,0.0,0.0
Lang,3,2,normal,0.0,0.0,0.0,0.0
Lang,3,3,normal,0.0,0.0,0.0,0.0
Lang,3,4,normal,0.0,0.0,0.0,0.0
Lang,3,5,normal,0.0,0.0,0.0,0.0
Lang,3,1,time,0.0,0.0,0.0,0.0
Lang,3,2,time,0.0,0.0,0.0,0.0
Lang,3,3,time,0.0,0.0,0.0,0.0
Lang,3,4,time,0.0,0.0,0.0,0.0
Lang,3,5,time,0.0,0.0,0.0,0.0
Lang,3,1,mem,0.0,0.0,0.0,0.0
Lang,3,2,mem,0.0,0.0,0.0,0.0
Lang,3,3,mem,0.0,0.0,0.0,0.0
Lang,3,4,mem,0.0,0.0,0.0,0.0
Lang,3,5,mem,0.0,0.0,0.0,0.0
Lang,40,1,normal,0.0,0.0,0.0,0.0
Lang,40,2,normal,0.0,2262.4,0.0,0.0
Lang,40,3,normal,0.0,86.4,0.0,0.0
Lang,40,4,normal,747.2,0.0,0.0,0.0
Lang,40,5,normal,0.0,0.0,0.0,0.0
Lang,40,1,time,0.0,0.0,0.0,0.0
Lang,40,2,time,0.0,0.0,0.0,0.0
Lang,40,3,time,0.0,0.0,0.0,0.0
Lang,40,4,time,747.2,0.0,0.0,0.0
Lang,40,5,time,0.0,0.0,0.0,0.0
Lang,40,1,mem,0.0,0.0,0.0,0.0
Lang,40,2,mem,0.0,2262.4,0.0,0.0
Lang,40,3,mem,0.0,0.0,0.0,0.0
Lang,40,4,mem,0.0,0.0,0.0,0.0
Lang,40,5,mem,0.0,2262.4,0.0,0.0
Lang,42,1,normal,0.0,0.0,0.0,0.0
Lang,42,2,normal,125953.6,112288.0,0.0,0.0
Lang,42,3,normal,112320.0,128187.2,0.0,0.0
Lang,42,4,normal,151102.4,117606.4,0.0,0.0
Lang,42,5,normal,129020.8,142728.0,0.0,0.0
Lang,42,1,time,128156.8,113648.0,0.0,0.0
Lang,42,2,time,122459.2,137443.2,0.0,0.0
Lang,42,3,time,147147.2,118476.8,0.0,0.0
Lang,42,4,time,131700.8,114076.8,0.0,0.0
Lang,42,5,time,0.0,0.0,0.0,0.0
Lang,42,1,mem,0.0,0.0,0.0,0.0
Lang,42,2,mem,128608.0,188972.8,0.0,0.0
Lang,42,3,mem,126400.0,140500.8,0.0,0.0
Lang,42,4,mem,121100.8,93689.6,0.0,0.0
Lang,42,5,mem,0.0,0.0,0.0,0.0
Lang,43,1,normal,0.0,0.0,0.0,0.0
Lang,43,2,normal,0.0,0.0,0.0,0.0
Lang,43,3,normal,0.0,0.0,0.0,0.0
Lang,43,4,normal,0.0,0.0,0.0,0.0
Lang,43,5,normal,0.0,0.0,0.0,0.0
Lang,43,1,time,0.0,0.0,0.0,0.0
Lang,43,2,time,0.0,0.0,0.0,0.0
Lang,43,3,time,0.0,0.0,0.0,0.0
Lang,43,4,time,0.0,0.0,0.0,0.0
Lang,43,5,time,0.0,0.0,0.0,0.0
Lang,43,1,mem,0.0,0.0,0.0,0.0
Lang,43,2,mem,0.0,0.0,0.0,0.0
Lang,43,3,mem,0.0,0.0,0.0,0.0
Lang,43,4,mem,0.0,0.0,0.0,0.0
Lang,43,5,mem,0.0,0.0,0.0,0.0
Lang,44,1,normal,0.0,0.0,0.0,0.0
Lang,44,2,normal,0.0,0.0,0.0,0.0
Lang,44,3,normal,0.0,0.0,0.0,0.0
Lang,44,4,normal,0.0,0.0,0.0,0.0
Lang,44,5,normal,0.0,0.0,0.0,0.0
Lang,44,1,time,0.0,0.0,0.0,0.0
Lang,44,2,time,0.0,0.0,0.0,0.0
Lang,44,3,time,0.0,0.0,0.0,0.0
Lang,44,4,time,0.0,0.0,0.0,0.0
Lang,44,5,time,0.0,0.0,0.0,0.0
Lang,44,1,mem,0.0,0.0,0.0,0.0
Lang,44,2,mem,0.0,0.0,0.0,0.0
Lang,44,3,mem,0.0,0.0,0.0,0.0
Lang,44,4,mem,0.0,0.0,0.0,0.0
Lang,44,5,mem,0.0,0.0,0.0,0.0
Lang,45,1,normal,0.0,0.0,0.0,0.0
Lang,45,2,normal,0.0,0.0,0.0,0.0
Lang,45,3,normal,0.0,0.0,0.0,0.0
Lang,45,4,normal,0.0,0.0,0.0,0.0
Lang,45,5,normal,0.0,0.0,0.0,0.0
Lang,45,1,time,0.0,0.0,0.0,0.0
Lang,45,2,time,0.0,0.0,0.0,0.0
Lang,45,3,time,0.0,0.0,0.0,0.0
Lang,45,4,time,0.0,0.0,0.0,0.0
Lang,45,5,time,0.0,0.0,0.0,0.0
Lang,45,1,mem,0.0,0.0,0.0,0.0
Lang,45,2,mem,0.0,0.0,0.0,0.0
Lang,45,3,mem,0.0,0.0,0.0,0.0
Lang,45,4,mem,0.0,0.0,0.0,0.0
Lang,45,5,mem,0.0,0.0,0.0,0.0
Lang,48,1,normal,0.0,0.0,0.0,0.0
Lang,48,2,normal,0.0,0.0,0.0,0.0
Lang,48,3,normal,0.0,0.0,0.0,0.0
Lang,48,4,normal,0.0,0.0,0.0,0.0
Lang,48,5,normal,0.0,0.0,0.0,0.0
Lang,48,1,time,0.0,0.0,0.0,0.0
Lang,48,2,time,0.0,0.0,0.0,0.0
Lang,48,3,time,106366.4,74635.2,814.4,555.2
Lang,48,4,time,0.0,0.0,0.0,0.0
Lang,48,5,time,0.0,0.0,0.0,0.0
Lang,48,1,mem,0.0,0.0,0.0,0.0
Lang,48,2,mem,0.0,0.0,0.0,0.0
Lang,48,3,mem,0.0,0.0,0.0,0.0
Lang,48,4,mem,0.0,0.0,0.0,0.0
Lang,48,5,mem,0.0,0.0,531.2,342.4
Lang,49,1,normal,0.0,0.0,0.0,0.0
Lang,49,2,normal,0.0,0.0,0.0,0.0
Lang,49,3,normal,0.0,0.0,0.0,0.0
Lang,49,4,normal,0.0,0.0,0.0,0.0
Lang,49,5,normal,0.0,0.0,0.0,0.0
Lang,49,1,time,0.0,0.0,0.0,0.0
Lang,49,2,time,0.0,0.0,0.0,0.0
Lang,49,3,time,0.0,0.0,0.0,0.0
Lang,49,4,time,0.0,0.0,0.0,0.0
Lang,49,5,time,0.0,0.0,0.0,0.0
Lang,49,1,mem,0.0,0.0,0.0,0.0
Lang,49,2,mem,0.0,0.0,0.0,0.0
Lang,49,3,mem,0.0,0.0,0.0,0.0
Lang,49,4,mem,0.0,0.0,0.0,0.0
Lang,49,5,mem,0.0,0.0,0.0,0.0
Lang,51,1,normal,0.0,0.0,0.0,0.0
Lang,51,2,normal,0.0,0.0,0.0,0.0
Lang,51,3,normal,0.0,0.0,0.0,0.0
Lang,51,4,normal,0.0,0.0,0.0,0.0
Lang,51,5,normal,0.0,0.0,0.0,0.0
Lang,51,1,time,0.0,0.0,0.0,0.0
Lang,51,2,time,0.0,0.0,0.0,0.0
Lang,51,3,time,0.0,0.0,0.0,0.0
Lang,51,4,time,0.0,0.0,0.0,0.0
Lang,51,5,time,0.0,0.0,0.0,0.0
Lang,51,1,mem,0.0,0.0,0.0,0.0
Lang,51,2,mem,0.0,0.0,0.0,0.0
Lang,51,3,mem,0.0,0.0,0.0,0.0
Lang,51,4,mem,0.0,0.0,0.0,0.0
Lang,51,5,mem,0.0,0.0,0.0,0.0
Lang,52,1,normal,0.0,0.0,0.0,0.0
Lang,52,2,normal,0.0,0.0,0.0,0.0
Lang,52,3,normal,0.0,0.0,0.0,0.0
Lang,52,4,normal,0.0,0.0,0.0,0.0
Lang,52,5,normal,0.0,0.0,0.0,0.0
Lang,52,1,time,0.0,0.0,0.0,0.0
Lang,52,2,time,0.0,0.0,0.0,0.0
Lang,52,3,time,0.0,0.0,0.0,0.0
Lang,52,4,time,0.0,0.0,0.0,0.0
Lang,52,5,time,0.0,0.0,0.0,0.0
Lang,52,1,mem,0.0,0.0,0.0,0.0
Lang,52,2,mem,0.0,0.0,0.0,0.0
Lang,52,3,mem,0.0,0.0,0.0,0.0
Lang,52,4,mem,0.0,0.0,0.0,0.0
Lang,52,5,mem,0.0,0.0,0.0,0.0
Lang,54,1,normal,0.0,0.0,0.0,0.0
Lang,54,2,normal,0.0,0.0,0.0,0.0
Lang,54,3,normal,0.0,0.0,0.0,0.0
Lang,54,4,normal,0.0,0.0,0.0,0.0
Lang,54,5,normal,0.0,0.0,0.0,0.0
Lang,54,1,time,0.0,0.0,0.0,0.0
Lang,54,2,time,0.0,0.0,0.0,0.0
Lang,54,3,time,0.0,0.0,0.0,0.0
Lang,54,4,time,0.0,0.0,0.0,0.0
Lang,54,5,time,0.0,0.0,0.0,0.0
Lang,54,1,mem,0.0,0.0,0.0,0.0
Lang,54,2,mem,0.0,0.0,0.0,0.0
Lang,54,3,mem,0.0,0.0,0.0,0.0
Lang,54,4,mem,0.0,0.0,0.0,0.0
Lang,54,5,mem,0.0,0.0,0.0,0.0
Lang,55,1,normal,0.0,0.0,0.0,0.0
Lang,55,2,normal,0.0,0.0,0.0,0.0
Lang,55,3,normal,0.0,0.0,0.0,0.0
Lang,55,4,normal,0.0,0.0,0.0,0.0
Lang,55,5,normal,0.0,0.0,0.0,0.0
Lang,55,1,time,0.0,0.0,0.0,0.0
Lang,55,2,time,0.0,0.0,0.0,0.0
Lang,55,3,time,0.0,0.0,0.0,0.0
Lang,55,4,time,0.0,0.0,0.0,0.0
Lang,55,5,time,0.0,0.0,0.0,0.0
Lang,55,1,mem,0.0,0.0,0.0,0.0
Lang,55,2,mem,0.0,0.0,0.0,0.0
Lang,55,3,mem,0.0,0.0,0.0,0.0
Lang,55,4,mem,0.0,0.0,0.0,0.0
Lang,55,5,mem,0.0,0.0,0.0,0.0
Lang,58,1,normal,0.0,0.0,0.0,0.0
Lang,58,2,normal,0.0,0.0,0.0,0.0
Lang,58,3,normal,0.0,0.0,0.0,0.0
Lang,58,4,normal,0.0,0.0,0.0,0.0
Lang,58,5,normal,0.0,0.0,0.0,0.0
Lang,58,1,time,0.0,0.0,0.0,0.0
Lang,58,2,time,0.0,8.0,0.0,0.0
Lang,58,3,time,0.0,0.0,0.0,0.0
Lang,58,4,time,0.0,0.0,0.0,0.0
Lang,58,5,time,0.0,16.0,0.0,0.0
Lang,58,1,mem,0.0,0.0,0.0,0.0
Lang,58,2,mem,0.0,0.0,0.0,0.0
Lang,58,3,mem,0.0,0.0,0.0,0.0
Lang,58,4,mem,0.0,0.0,0.0,0.0
Lang,58,5,mem,0.0,0.0,0.0,0.0
Lang,59,1,normal,0.0,0.0,0.0,0.0
Lang,59,2,normal,0.0,0.0,0.0,0.0
Lang,59,3,normal,0.0,0.0,0.0,0.0
Lang,59,4,normal,0.0,0.0,0.0,0.0
Lang,59,5,normal,0.0,0.0,0.0,0.0
Lang,59,1,time,0.0,0.0,0.0,0.0
Lang,59,2,time,0.0,0.0,0.0,0.0
Lang,59,3,time,0.0,0.0,0.0,0.0
Lang,59,4,time,0.0,0.0,0.0,0.0
Lang,59,5,time,0.0,0.0,0.0,0.0
Lang,59,1,mem,0.0,0.0,0.0,0.0
Lang,59,2,mem,0.0,0.0,0.0,0.0
Lang,59,3,mem,0.0,0.0,0.0,0.0
Lang,59,4,mem,0.0,0.0,0.0,0.0
Lang,59,5,mem,0.0,0.0,0.0,0.0
Lang,61,1,normal,0.0,0.0,0.0,0.0
Lang,61,2,normal,0.0,0.0,0.0,0.0
Lang,61,3,normal,0.0,0.0,0.0,0.0
Lang,61,4,normal,0.0,0.0,0.0,0.0
Lang,61,5,normal,0.0,0.0,0.0,0.0
Lang,61,1,time,0.0,0.0,0.0,0.0
Lang,61,2,time,0.0,0.0,0.0,0.0
Lang,61,3,time,0.0,0.0,0.0,0.0
Lang,61,4,time,0.0,0.0,0.0,0.0
Lang,61,5,time,0.0,0.0,0.0,0.0
Lang,61,1,mem,0.0,0.0,0.0,0.0
Lang,61,2,mem,0.0,0.0,0.0,0.0
Lang,61,3,mem,0.0,0.0,0.0,0.0
Lang,61,4,mem,0.0,0.0,0.0,0.0
Lang,61,5,mem,0.0,0.0,0.0,0.0
Lang,6,1,normal,416.0,633.6,0.0,0.0
Lang,6,2,normal,0.0,0.0,0.0,0.0
Lang,6,3,normal,0.0,0.0,0.0,0.0
Lang,6,4,normal,705.6,577.6,0.0,0.0
Lang,6,5,normal,414.4,683.2,0.0,0.0
Lang,6,1,time,0.0,0.0,0.0,0.0
Lang,6,2,time,0.0,0.0,0.0,0.0
Lang,6,3,time,608.0,596.8,0.0,0.0
Lang,6,4,time,0.0,0.0,0.0,0.0
Lang,6,5,time,0.0,0.0,0.0,0.0
Lang,6,1,mem,614.4,481.6,0.0,0.0
Lang,6,2,mem,0.0,0.0,0.0,0.0
Lang,6,3,mem,622.4,939.2,0.0,0.0
Lang,6,4,mem,635.2,526.4,0.0,0.0
Lang,6,5,mem,0.0,0.0,0.0,0.0
Lang,9,1,normal,0.0,0.0,0.0,0.0
Lang,9,2,normal,0.0,0.0,0.0,0.0
Lang,9,3,normal,0.0,0.0,0.0,0.0
Lang,9,4,normal,121969.6,114640.0,272.0,284.8
Lang,9,5,normal,0.0,0.0,0.0,0.0
Lang,9,1,time,0.0,0.0,0.0,0.0
Lang,9,2,time,0.0,0.0,0.0,0.0
Lang,9,3,time,0.0,0.0,0.0,0.0
Lang,9,4,time,0.0,0.0,0.0,0.0
Lang,9,5,time,0.0,0.0,0.0,0.0
Lang,9,1,mem,0.0,0.0,0.0,0.0
Lang,9,2,mem,0.0,0.0,0.0,0.0
Lang,9,3,mem,0.0,0.0,0.0,0.0
Lang,9,4,mem,0.0,0.0,0.0,0.0
Lang,9,5,mem,0.0,0.0,0.0,0.0
